-- MySQL dump 10.13  Distrib 5.5.28, for debian-linux-gnu (x86_64)
--
-- Host: localhost    Database: qiissData
-- ------------------------------------------------------
-- Server version	5.5.28-0ubuntu0.12.04.2

/*!40101 SET @OLD_CHARACTER_SET_CLIENT=@@CHARACTER_SET_CLIENT */;
/*!40101 SET @OLD_CHARACTER_SET_RESULTS=@@CHARACTER_SET_RESULTS */;
/*!40101 SET @OLD_COLLATION_CONNECTION=@@COLLATION_CONNECTION */;
/*!40101 SET NAMES utf8 */;
/*!40103 SET @OLD_TIME_ZONE=@@TIME_ZONE */;
/*!40103 SET TIME_ZONE='+00:00' */;
/*!40014 SET @OLD_UNIQUE_CHECKS=@@UNIQUE_CHECKS, UNIQUE_CHECKS=0 */;
/*!40014 SET @OLD_FOREIGN_KEY_CHECKS=@@FOREIGN_KEY_CHECKS, FOREIGN_KEY_CHECKS=0 */;
/*!40101 SET @OLD_SQL_MODE=@@SQL_MODE, SQL_MODE='NO_AUTO_VALUE_ON_ZERO' */;
/*!40111 SET @OLD_SQL_NOTES=@@SQL_NOTES, SQL_NOTES=0 */;

--
-- Current Database: `qiissData`
--

CREATE DATABASE /*!32312 IF NOT EXISTS*/ `qiissData` /*!40100 DEFAULT CHARACTER SET latin1 */;

USE `qiissData`;

--
-- Table structure for table `Admin`
--

DROP TABLE IF EXISTS `Admin`;
/*!40101 SET @saved_cs_client     = @@character_set_client */;
/*!40101 SET character_set_client = utf8 */;
CREATE TABLE `Admin` (
  `id` int(11) NOT NULL AUTO_INCREMENT,
  `username` varchar(255) COLLATE utf8_unicode_ci DEFAULT NULL,
  `password` longtext COLLATE utf8_unicode_ci,
  `salt` longtext COLLATE utf8_unicode_ci,
  PRIMARY KEY (`id`)
) ENGINE=InnoDB DEFAULT CHARSET=utf8 COLLATE=utf8_unicode_ci;
/*!40101 SET character_set_client = @saved_cs_client */;

--
-- Dumping data for table `Admin`
--

LOCK TABLES `Admin` WRITE;
/*!40000 ALTER TABLE `Admin` DISABLE KEYS */;
/*!40000 ALTER TABLE `Admin` ENABLE KEYS */;
UNLOCK TABLES;

--
-- Table structure for table `Charity`
--

DROP TABLE IF EXISTS `Charity`;
/*!40101 SET @saved_cs_client     = @@character_set_client */;
/*!40101 SET character_set_client = utf8 */;
CREATE TABLE `Charity` (
  `id` int(11) NOT NULL AUTO_INCREMENT,
  `name` varchar(100) COLLATE utf8_unicode_ci NOT NULL,
  `description` varchar(500) COLLATE utf8_unicode_ci NOT NULL,
  `weblink` varchar(500) COLLATE utf8_unicode_ci NOT NULL,
  `commission` double NOT NULL,
  `logo` varchar(255) COLLATE utf8_unicode_ci NOT NULL,
  PRIMARY KEY (`id`)
) ENGINE=InnoDB AUTO_INCREMENT=10 DEFAULT CHARSET=utf8 COLLATE=utf8_unicode_ci;
/*!40101 SET character_set_client = @saved_cs_client */;

--
-- Dumping data for table `Charity`
--

LOCK TABLES `Charity` WRITE;
/*!40000 ALTER TABLE `Charity` DISABLE KEYS */;
INSERT INTO `Charity` VALUES (1,'RSPCA','','',0,''),(2,'Red Cross','','',0,''),(3,'Sydney Dogs and Cats Home','','',0,''),(4,'Salvation Army','','',0,''),(5,'St John Ambulance','','',0,''),(6,'Animal Welfare League','','',0,''),(7,'SIDS and Kids','','',0,''),(8,'Office of the Public Advocate','','',0,''),(9,'Cancer Council','','',0,'');
/*!40000 ALTER TABLE `Charity` ENABLE KEYS */;
UNLOCK TABLES;

--
-- Table structure for table `Comment`
--

DROP TABLE IF EXISTS `Comment`;
/*!40101 SET @saved_cs_client     = @@character_set_client */;
/*!40101 SET character_set_client = utf8 */;
CREATE TABLE `Comment` (
  `id` int(11) NOT NULL AUTO_INCREMENT,
  `user_id` int(11) NOT NULL,
  `photo_id` int(11) DEFAULT NULL,
  `author` varchar(100) COLLATE utf8_unicode_ci NOT NULL,
  `date` datetime NOT NULL,
  `comment` varchar(500) COLLATE utf8_unicode_ci NOT NULL,
  `nb_Qiiss` int(11) DEFAULT NULL,
  `facebookId` varchar(500) COLLATE utf8_unicode_ci DEFAULT NULL,
  `notificationGroup_id` int(11) DEFAULT NULL,
  `ispublish` tinyint(1) NOT NULL,
  `is_whisper` tinyint(1) NOT NULL,
  PRIMARY KEY (`id`),
  UNIQUE KEY `UNIQ_5BC96BF06674D0DB` (`notificationGroup_id`),
  KEY `IDX_5BC96BF0A76ED395` (`user_id`),
  KEY `IDX_5BC96BF07E9E4C8C` (`photo_id`),
  CONSTRAINT `FK_5BC96BF06674D0DB` FOREIGN KEY (`notificationGroup_id`) REFERENCES `NotificationGroup` (`id`),
  CONSTRAINT `FK_5BC96BF07E9E4C8C` FOREIGN KEY (`photo_id`) REFERENCES `Photo` (`id`),
  CONSTRAINT `FK_5BC96BF0A76ED395` FOREIGN KEY (`user_id`) REFERENCES `fos_user` (`id`)
) ENGINE=InnoDB AUTO_INCREMENT=396 DEFAULT CHARSET=utf8 COLLATE=utf8_unicode_ci;
/*!40101 SET character_set_client = @saved_cs_client */;

--
-- Dumping data for table `Comment`
--

LOCK TABLES `Comment` WRITE;
/*!40000 ALTER TABLE `Comment` DISABLE KEYS */;
INSERT INTO `Comment` VALUES (342,71,237,'Doug','2014-01-11 07:41:18','Never been there again',1,'562419911_10151870730464912',429,1,0),(343,72,NULL,'Jason','2014-01-11 09:32:00','its working!!!!!!!!!11',0,'100006979265115_1404350206474275',431,0,0),(344,72,238,'Jason','2014-01-11 09:32:00','',0,'100006979265115_1384931241759820',433,0,0),(345,72,239,'Jason','2014-01-11 09:32:01','Just another test',0,'100006979265115_1401646000078029',435,0,0),(346,72,NULL,'Jason','2014-01-11 09:32:02','have a test again',0,'100006979265115_1401645753411387',436,0,0),(347,72,NULL,'Jason','2014-01-11 09:32:02','what\'s on your mind',0,'100006979265115_1393804274195535',437,0,0),(348,72,NULL,'Jason','2014-01-11 09:32:02','hello world',0,'100006979265115_1393716030871026',438,0,0),(349,72,NULL,'Jason','2014-01-11 09:32:03','asdfasdfasdfasdfsdfasd',0,'100006979265115_1393703124205650',439,0,0),(350,72,NULL,'Jason','2014-01-11 09:32:03','asdfasdfasdfasdf',0,'100006979265115_1393703107538985',440,0,0),(351,72,NULL,'Jason','2014-01-11 09:32:03','asdfsdfasdfasdf',0,'100006979265115_1393703067538989',441,0,0),(352,72,NULL,'Jason','2014-01-11 09:33:55','hahaha',0,'100006979265115_1410873912488571',442,0,0),(353,72,NULL,'Jason','2014-01-11 09:34:34','3333333333333333333',0,'100006979265115_1410874009155228',443,0,0),(354,72,NULL,'Jason','2014-01-11 09:34:34','222222222222222222',0,'100006979265115_1410874002488562',444,0,0),(355,72,NULL,'Jason','2014-01-11 09:34:34','111111111111111111',0,'100006979265115_1410873989155230',445,0,0),(360,74,NULL,'thor','2014-01-14 19:37:08','wow wow',1,NULL,470,1,0),(361,69,245,'Rameez','2014-01-18 09:29:34','',0,'219000979_765168760701',475,0,0),(363,69,NULL,'Rameez','2014-01-18 10:07:12','check out this food #goodfood #icecream #chocolate',2,NULL,478,1,0),(364,69,NULL,'Rameez','2014-01-18 10:11:18','i\'m eating out',1,NULL,479,1,0),(365,69,NULL,'Rameez','2014-01-18 10:33:58','i like socks',2,NULL,480,1,0),(366,74,NULL,'thor','2014-01-19 18:41:14','woot woot woot',0,NULL,486,1,0),(367,69,250,'Rameez','2014-02-24 13:55:37','',0,NULL,494,1,0),(368,71,NULL,'Doug','2014-03-04 14:43:20','how qool is that',0,NULL,495,1,0),(369,71,NULL,'Doug','2014-03-04 14:44:14','Really really qool',1,NULL,496,1,0),(370,71,NULL,'Doug','2014-03-06 11:48:21','kaboom',0,NULL,497,1,0),(371,71,NULL,'Doug','2014-03-19 07:28:32','whisper whisper',1,NULL,509,1,1),(372,74,NULL,'thor','2014-03-19 07:40:40','TItanfall rocks....',1,NULL,510,1,1),(373,71,NULL,'Doug','2014-03-19 09:24:28','Dark Soul 2 rocks....',0,NULL,511,1,1),(375,81,NULL,'jason2','2014-03-22 15:07:55','safdsfsdf',0,NULL,516,1,1),(376,71,NULL,'Doug','2014-03-26 21:05:52','dasdf',0,NULL,NULL,1,1),(377,71,NULL,'Doug','2014-03-26 21:06:03','asdffasasf',0,NULL,NULL,1,1),(378,71,NULL,'Doug','2014-03-26 21:06:12','ASFG',0,NULL,NULL,1,0),(379,71,NULL,'Doug','2014-03-26 21:06:17','ASDFGHHH',0,NULL,NULL,1,1),(380,71,NULL,'Doug','2014-03-26 21:07:23','Whisper test',0,NULL,NULL,1,1),(381,71,NULL,'Doug','2014-03-26 21:07:49','whisper test again',0,NULL,NULL,1,1),(382,71,NULL,'Doug','2014-03-26 21:08:05','whisper test again and again',0,NULL,NULL,1,1),(385,71,NULL,'Doug','2014-03-26 21:08:35','whisper super test',0,NULL,NULL,1,1),(386,71,NULL,'Doug','2014-03-26 21:11:43','whisper another super test',0,NULL,NULL,1,1),(387,71,NULL,'Doug','2014-03-26 21:12:40','whisper another another whisper test',0,NULL,NULL,1,0),(388,71,NULL,'Doug','2014-03-26 21:14:09','last whisper woot woot',0,NULL,NULL,1,1),(389,81,NULL,'jason2','2014-03-26 21:25:13','sdfasdf',0,NULL,NULL,1,1),(390,81,NULL,'jason2','2014-03-26 21:25:57','sfsdf',1,NULL,NULL,1,0),(391,71,NULL,'Doug','2014-03-26 21:39:12','woot woot whisper test',0,NULL,NULL,1,1),(392,71,NULL,'Doug','2014-03-26 21:42:59','super woot woot',0,NULL,NULL,1,1),(393,81,NULL,'jason2','2014-03-26 21:45:14','dfdff',0,NULL,NULL,1,1),(394,87,NULL,'Lorem','2014-03-29 18:16:34','testing ',0,NULL,NULL,1,0),(395,87,253,'Lorem','2014-03-29 18:17:02','testing 2',0,NULL,NULL,1,1);
/*!40000 ALTER TABLE `Comment` ENABLE KEYS */;
UNLOCK TABLES;

--
-- Table structure for table `CreditCards`
--

DROP TABLE IF EXISTS `CreditCards`;
/*!40101 SET @saved_cs_client     = @@character_set_client */;
/*!40101 SET character_set_client = utf8 */;
CREATE TABLE `CreditCards` (
  `id` int(11) NOT NULL AUTO_INCREMENT,
  `user_id` int(11) DEFAULT NULL,
  `cardtoken` varchar(6) COLLATE utf8_unicode_ci NOT NULL,
  PRIMARY KEY (`id`),
  KEY `IDX_19783708A76ED395` (`user_id`),
  CONSTRAINT `FK_19783708A76ED395` FOREIGN KEY (`user_id`) REFERENCES `fos_user` (`id`)
) ENGINE=InnoDB AUTO_INCREMENT=5 DEFAULT CHARSET=utf8 COLLATE=utf8_unicode_ci;
/*!40101 SET character_set_client = @saved_cs_client */;

--
-- Dumping data for table `CreditCards`
--

LOCK TABLES `CreditCards` WRITE;
/*!40000 ALTER TABLE `CreditCards` DISABLE KEYS */;
INSERT INTO `CreditCards` VALUES (1,69,'6mdmkg'),(2,74,'62vh36'),(3,70,'8qsnsr'),(4,71,'gnzpxr');
/*!40000 ALTER TABLE `CreditCards` ENABLE KEYS */;
UNLOCK TABLES;

--
-- Table structure for table `Date`
--

DROP TABLE IF EXISTS `Date`;
/*!40101 SET @saved_cs_client     = @@character_set_client */;
/*!40101 SET character_set_client = utf8 */;
CREATE TABLE `Date` (
  `id` int(11) NOT NULL AUTO_INCREMENT,
  `sender_id` int(11) DEFAULT NULL,
  `target_id` int(11) DEFAULT NULL,
  `event_description` text COLLATE utf8_unicode_ci NOT NULL,
  `event_date` datetime NOT NULL,
  `event_place` varchar(200) COLLATE utf8_unicode_ci NOT NULL,
  `status` varchar(255) COLLATE utf8_unicode_ci DEFAULT NULL,
  `notificationGroup_id` int(11) DEFAULT NULL,
  `new_place` varchar(200) COLLATE utf8_unicode_ci DEFAULT NULL,
  `new_date1` datetime DEFAULT NULL,
  `new_date2` datetime DEFAULT NULL,
  `new_date3` datetime DEFAULT NULL,
  `new_special_request` longtext COLLATE utf8_unicode_ci,
  `amount` int(11) DEFAULT NULL,
  `cc_firstname` longtext COLLATE utf8_unicode_ci,
  `cc_lastname` longtext COLLATE utf8_unicode_ci,
  `cc_number` longtext COLLATE utf8_unicode_ci,
  `cc_card_type` longtext COLLATE utf8_unicode_ci,
  `cc_month` int(11) DEFAULT NULL,
  `cc_year` int(11) DEFAULT NULL,
  `cc_security_code` longtext COLLATE utf8_unicode_ci,
  `payment_authorize_id` longtext COLLATE utf8_unicode_ci,
  `payment_authorize_raw_data` longtext COLLATE utf8_unicode_ci,
  `payment_capture_id` longtext COLLATE utf8_unicode_ci,
  `payment_capture_raw_data` longtext COLLATE utf8_unicode_ci,
  `payment_status` varchar(255) COLLATE utf8_unicode_ci DEFAULT NULL,
  `payment_reject_reason` longtext COLLATE utf8_unicode_ci,
  `is_locked` int(11) DEFAULT NULL,
  PRIMARY KEY (`id`),
  UNIQUE KEY `UNIQ_AAC98446674D0DB` (`notificationGroup_id`),
  KEY `IDX_AAC9844F624B39D` (`sender_id`),
  KEY `IDX_AAC9844158E0B66` (`target_id`),
  CONSTRAINT `FK_AAC9844158E0B66` FOREIGN KEY (`target_id`) REFERENCES `fos_user` (`id`),
  CONSTRAINT `FK_AAC98446674D0DB` FOREIGN KEY (`notificationGroup_id`) REFERENCES `NotificationGroup` (`id`),
  CONSTRAINT `FK_AAC9844F624B39D` FOREIGN KEY (`sender_id`) REFERENCES `fos_user` (`id`)
) ENGINE=InnoDB AUTO_INCREMENT=136 DEFAULT CHARSET=utf8 COLLATE=utf8_unicode_ci;
/*!40101 SET character_set_client = @saved_cs_client */;

--
-- Dumping data for table `Date`
--

LOCK TABLES `Date` WRITE;
/*!40000 ALTER TABLE `Date` DISABLE KEYS */;
INSERT INTO `Date` VALUES (82,70,69,'test1','2014-01-24 00:30:00','pakistan','declined',420,NULL,NULL,NULL,NULL,NULL,NULL,NULL,NULL,NULL,NULL,NULL,NULL,NULL,NULL,NULL,NULL,NULL,NULL,NULL,1),(83,70,69,'test1','2014-01-23 00:45:00','pakistan','declined',421,NULL,NULL,NULL,NULL,NULL,NULL,NULL,NULL,NULL,NULL,NULL,NULL,NULL,NULL,NULL,NULL,NULL,NULL,NULL,1),(84,69,70,'test2','2014-02-19 00:30:00','hf',NULL,422,NULL,NULL,NULL,NULL,NULL,NULL,NULL,NULL,NULL,NULL,NULL,NULL,NULL,NULL,NULL,NULL,NULL,NULL,NULL,NULL),(85,71,69,'have a good wkend','2014-01-12 01:00:00','blah',NULL,430,NULL,NULL,NULL,NULL,NULL,NULL,NULL,NULL,NULL,NULL,NULL,NULL,NULL,NULL,NULL,NULL,NULL,NULL,NULL,NULL),(86,69,70,'awdf','2014-01-30 00:30:00','ewf',NULL,446,NULL,NULL,NULL,NULL,NULL,NULL,NULL,NULL,NULL,NULL,NULL,NULL,NULL,NULL,NULL,NULL,NULL,NULL,NULL,NULL),(87,69,70,'awdf','2014-01-30 00:45:00','ewf',NULL,447,NULL,NULL,NULL,NULL,NULL,NULL,NULL,NULL,NULL,NULL,NULL,NULL,NULL,NULL,NULL,NULL,NULL,NULL,NULL,NULL),(88,69,70,'hi','2014-01-29 00:45:00','ttt',NULL,448,NULL,NULL,NULL,NULL,NULL,NULL,NULL,NULL,NULL,NULL,NULL,NULL,NULL,NULL,NULL,NULL,NULL,NULL,NULL,NULL),(89,69,70,'hdjrsj','2014-01-16 01:00:00','tjstrj',NULL,449,NULL,NULL,NULL,NULL,NULL,NULL,NULL,NULL,NULL,NULL,NULL,NULL,NULL,NULL,NULL,NULL,NULL,NULL,NULL,NULL),(90,69,70,'cv','2014-01-31 01:00:00','ddc',NULL,450,NULL,NULL,NULL,NULL,NULL,NULL,NULL,NULL,NULL,NULL,NULL,NULL,NULL,NULL,NULL,NULL,NULL,NULL,NULL,NULL),(91,69,71,'testing payments','2014-01-29 00:45:00','sydney','accepted_coord',451,'sydney','2014-01-05 12:30:00','2014-01-01 12:45:00',NULL,'oops..Calender still doesn\'t work...',126,NULL,NULL,NULL,NULL,NULL,NULL,NULL,NULL,NULL,NULL,NULL,NULL,NULL,NULL),(92,69,70,'koi','2014-01-29 06:15:00','kk',NULL,453,NULL,NULL,NULL,NULL,NULL,NULL,NULL,NULL,NULL,NULL,NULL,NULL,NULL,NULL,NULL,NULL,NULL,NULL,NULL,NULL),(93,69,70,'koi','2014-01-22 00:45:00','kk',NULL,454,NULL,NULL,NULL,NULL,NULL,897,NULL,NULL,NULL,NULL,NULL,NULL,NULL,NULL,NULL,NULL,NULL,NULL,NULL,NULL),(94,69,70,'mik,','2014-01-31 00:45:00','89','accepted_coord',455,'89','2014-01-15 01:00:00','2014-01-23 01:00:00','2014-01-30 01:00:00','ger',20,NULL,NULL,NULL,NULL,NULL,NULL,NULL,NULL,NULL,NULL,NULL,NULL,NULL,NULL),(95,69,70,'ashtr','2014-01-30 00:45:00','er','ignored',459,NULL,NULL,NULL,NULL,NULL,20,NULL,NULL,NULL,NULL,NULL,NULL,NULL,NULL,NULL,NULL,NULL,NULL,NULL,1),(96,69,70,'date 1','2014-01-30 12:00:00','pakistan',NULL,460,NULL,NULL,NULL,NULL,NULL,530,NULL,NULL,NULL,NULL,NULL,NULL,NULL,NULL,NULL,NULL,NULL,NULL,NULL,NULL),(97,69,71,'test1','2014-01-23 19:30:00','georget st',NULL,461,NULL,NULL,NULL,NULL,NULL,500,NULL,NULL,NULL,NULL,NULL,NULL,NULL,NULL,NULL,NULL,NULL,NULL,NULL,NULL),(98,69,70,'gaerg','2014-01-14 00:30:00','gfeg','accepted',462,NULL,NULL,NULL,NULL,NULL,20,NULL,NULL,NULL,NULL,NULL,NULL,NULL,NULL,NULL,NULL,NULL,NULL,NULL,1),(99,69,72,'testing','2014-01-23 00:45:00','sd',NULL,463,NULL,NULL,NULL,NULL,NULL,50,NULL,NULL,NULL,NULL,NULL,NULL,NULL,NULL,NULL,NULL,NULL,NULL,NULL,NULL),(100,69,71,'test 3','2014-01-15 01:00:00','sydney',NULL,464,NULL,NULL,NULL,NULL,NULL,50,NULL,NULL,NULL,NULL,NULL,NULL,NULL,NULL,NULL,NULL,NULL,NULL,NULL,NULL),(101,74,71,'asd','2014-01-16 12:45:00','asd','accepted',471,'',NULL,NULL,NULL,'',NULL,NULL,NULL,NULL,NULL,NULL,NULL,NULL,NULL,NULL,NULL,NULL,'gift',NULL,1),(102,74,71,'asd','2014-01-15 00:15:00','asd','declined',472,NULL,NULL,NULL,NULL,NULL,NULL,NULL,NULL,NULL,NULL,NULL,NULL,NULL,NULL,NULL,NULL,NULL,NULL,NULL,1),(103,74,71,'mooo','2014-01-17 12:45:00','asd','accepted',473,'',NULL,NULL,NULL,'',100,NULL,NULL,NULL,NULL,NULL,NULL,NULL,NULL,NULL,NULL,NULL,'rejected','oops',1),(104,70,69,'test1','2014-01-23 09:00:00','pakistan','accepted',481,NULL,NULL,NULL,NULL,NULL,20,NULL,NULL,NULL,NULL,NULL,NULL,NULL,NULL,NULL,NULL,NULL,NULL,NULL,1),(105,70,74,'test','2014-01-30 01:00:00','test2',NULL,482,NULL,NULL,NULL,NULL,NULL,NULL,NULL,NULL,NULL,NULL,NULL,NULL,NULL,NULL,NULL,NULL,NULL,NULL,NULL,NULL),(106,70,74,'teferiyufe','2014-01-31 00:45:00','ji',NULL,483,NULL,NULL,NULL,NULL,NULL,NULL,NULL,NULL,NULL,NULL,NULL,NULL,NULL,NULL,NULL,NULL,NULL,NULL,NULL,NULL),(107,70,69,'latest','2014-01-31 01:00:00','hi',NULL,484,NULL,NULL,NULL,NULL,NULL,NULL,NULL,NULL,NULL,NULL,NULL,NULL,NULL,NULL,NULL,NULL,NULL,NULL,NULL,NULL),(108,70,69,'latest','2014-01-31 01:00:00','hi',NULL,485,NULL,NULL,NULL,NULL,NULL,NULL,NULL,NULL,NULL,NULL,NULL,NULL,NULL,NULL,NULL,NULL,NULL,NULL,NULL,NULL),(109,71,74,'asdf','2014-01-20 00:45:00','town hall',NULL,487,NULL,NULL,NULL,NULL,NULL,50,NULL,NULL,NULL,NULL,NULL,NULL,NULL,NULL,NULL,NULL,NULL,NULL,NULL,NULL),(110,80,69,'test','2014-02-21 00:30:00','fhuop','accepted',491,NULL,NULL,NULL,NULL,NULL,NULL,NULL,NULL,NULL,NULL,NULL,NULL,NULL,NULL,NULL,NULL,NULL,NULL,NULL,1),(111,71,74,'asfs','2014-02-21 00:30:00','sdf',NULL,492,NULL,NULL,NULL,NULL,NULL,50,NULL,NULL,NULL,NULL,NULL,NULL,NULL,NULL,NULL,NULL,NULL,NULL,NULL,NULL),(112,75,73,'gfdsgfds','2014-03-25 00:15:00','test',NULL,498,NULL,NULL,NULL,NULL,NULL,NULL,NULL,NULL,NULL,NULL,NULL,NULL,NULL,NULL,NULL,NULL,NULL,NULL,NULL,NULL),(113,71,74,'test','2014-03-12 00:30:00','town hall','accepted',499,NULL,NULL,NULL,NULL,NULL,20,NULL,NULL,NULL,NULL,NULL,NULL,NULL,NULL,NULL,NULL,NULL,'rejected','a bug',1),(114,71,75,'Generate reject page','2014-03-12 00:15:00','boom','accepted',500,NULL,NULL,NULL,NULL,NULL,20,NULL,NULL,NULL,NULL,NULL,NULL,NULL,NULL,NULL,NULL,NULL,'gift',NULL,1),(115,71,75,'Accept this one to generate review page','2014-03-12 00:30:00','pop',NULL,501,NULL,NULL,NULL,NULL,NULL,NULL,NULL,NULL,NULL,NULL,NULL,NULL,NULL,NULL,NULL,NULL,NULL,NULL,NULL,NULL),(116,71,75,'asd','2014-03-12 00:15:00','asd',NULL,502,NULL,NULL,NULL,NULL,NULL,NULL,NULL,NULL,NULL,NULL,NULL,NULL,NULL,NULL,NULL,NULL,NULL,NULL,NULL,NULL),(117,71,75,'asd','2014-03-12 00:15:00','sadd',NULL,503,NULL,NULL,NULL,NULL,NULL,NULL,NULL,NULL,NULL,NULL,NULL,NULL,NULL,NULL,NULL,NULL,NULL,NULL,NULL,NULL),(118,71,75,'sadasd','2014-03-12 00:30:00','sadd',NULL,504,NULL,NULL,NULL,NULL,NULL,NULL,NULL,NULL,NULL,NULL,NULL,NULL,NULL,NULL,NULL,NULL,NULL,NULL,NULL,NULL),(119,71,75,'fgdsg','2014-03-12 00:15:00','sdf',NULL,505,NULL,NULL,NULL,NULL,NULL,NULL,NULL,NULL,NULL,NULL,NULL,NULL,NULL,NULL,NULL,NULL,NULL,NULL,NULL,NULL),(120,71,75,'Accept it and see the various alternatives we have (accept, propose new time, decline, ignore). Note calender pops up if you propose new time.','2014-03-15 00:15:00','asd',NULL,506,NULL,NULL,NULL,NULL,NULL,20,NULL,NULL,NULL,NULL,NULL,NULL,NULL,NULL,NULL,NULL,NULL,NULL,NULL,NULL),(121,71,74,'fgh','2014-03-17 00:30:00','fgh',NULL,507,NULL,NULL,NULL,NULL,NULL,NULL,NULL,NULL,NULL,NULL,NULL,NULL,NULL,NULL,NULL,NULL,NULL,NULL,NULL,NULL),(122,71,75,'asdf','2014-03-18 00:30:00','asdf',NULL,508,NULL,NULL,NULL,NULL,NULL,20,NULL,NULL,NULL,NULL,NULL,NULL,NULL,NULL,NULL,NULL,NULL,NULL,NULL,NULL),(123,71,74,'asdf','2014-03-20 00:30:00','asd',NULL,512,NULL,NULL,NULL,NULL,NULL,NULL,NULL,NULL,NULL,NULL,NULL,NULL,NULL,NULL,NULL,NULL,NULL,NULL,NULL,NULL),(124,71,74,'asd','2014-03-22 00:30:00','jk',NULL,513,NULL,NULL,NULL,NULL,NULL,NULL,NULL,NULL,NULL,NULL,NULL,NULL,NULL,NULL,NULL,NULL,NULL,NULL,NULL,NULL),(125,71,74,'sdfg','2014-03-22 00:15:00','dsf',NULL,514,NULL,NULL,NULL,NULL,NULL,NULL,NULL,NULL,NULL,NULL,NULL,NULL,NULL,NULL,NULL,NULL,NULL,NULL,NULL,NULL),(126,71,74,'sdf','2014-03-24 00:30:00','sdf',NULL,517,NULL,NULL,NULL,NULL,NULL,NULL,NULL,NULL,NULL,NULL,NULL,NULL,NULL,NULL,NULL,NULL,NULL,NULL,NULL,NULL),(127,71,74,'sadaewd','2014-03-27 00:30:00','sadfs',NULL,NULL,NULL,NULL,NULL,NULL,NULL,NULL,NULL,NULL,NULL,NULL,NULL,NULL,NULL,NULL,NULL,NULL,NULL,NULL,NULL,NULL),(128,71,74,'sadaewd','2014-03-27 00:30:00','sadfs',NULL,NULL,NULL,NULL,NULL,NULL,NULL,NULL,NULL,NULL,NULL,NULL,NULL,NULL,NULL,NULL,NULL,NULL,NULL,NULL,NULL,NULL),(129,71,74,'sadsaf','2014-03-27 00:45:00','asdf',NULL,NULL,NULL,NULL,NULL,NULL,NULL,NULL,NULL,NULL,NULL,NULL,NULL,NULL,NULL,NULL,NULL,NULL,NULL,NULL,NULL,NULL),(130,71,74,'gdgf','2014-03-27 00:30:00','gfdfh',NULL,NULL,NULL,NULL,NULL,NULL,NULL,NULL,NULL,NULL,NULL,NULL,NULL,NULL,NULL,NULL,NULL,NULL,NULL,NULL,NULL,NULL),(131,84,73,'dinner','2014-04-04 19:30:00','Centrepoint',NULL,NULL,NULL,NULL,NULL,NULL,NULL,NULL,NULL,NULL,NULL,NULL,NULL,NULL,NULL,NULL,NULL,NULL,NULL,NULL,NULL,NULL),(132,69,71,'test','2014-03-28 00:15:00','park',NULL,NULL,NULL,NULL,NULL,NULL,NULL,NULL,NULL,NULL,NULL,NULL,NULL,NULL,NULL,NULL,NULL,NULL,NULL,NULL,NULL,NULL),(133,69,71,'test','2014-03-28 00:30:00','park','accepted_coord',NULL,'park','2014-03-28 01:00:00','2014-03-28 12:45:00',NULL,'',NULL,NULL,NULL,NULL,NULL,NULL,NULL,NULL,NULL,NULL,NULL,NULL,NULL,NULL,NULL),(134,71,69,'asdffg','2014-03-27 00:30:00','dfghg',NULL,NULL,NULL,NULL,NULL,NULL,NULL,NULL,NULL,NULL,NULL,NULL,NULL,NULL,NULL,NULL,NULL,NULL,NULL,NULL,NULL,NULL),(135,84,70,'dinner','2009-01-01 20:15:00','sydney',NULL,NULL,NULL,NULL,NULL,NULL,NULL,NULL,NULL,NULL,NULL,NULL,NULL,NULL,NULL,NULL,NULL,NULL,NULL,NULL,NULL,NULL);
/*!40000 ALTER TABLE `Date` ENABLE KEYS */;
UNLOCK TABLES;

--
-- Table structure for table `Flag`
--

DROP TABLE IF EXISTS `Flag`;
/*!40101 SET @saved_cs_client     = @@character_set_client */;
/*!40101 SET character_set_client = utf8 */;
CREATE TABLE `Flag` (
  `id` int(11) NOT NULL AUTO_INCREMENT,
  `target_user_id_id` int(11) DEFAULT NULL,
  `content` text COLLATE utf8_unicode_ci NOT NULL,
  PRIMARY KEY (`id`),
  KEY `IDX_71C644A4AF6ABD9E` (`target_user_id_id`),
  CONSTRAINT `FK_71C644A4AF6ABD9E` FOREIGN KEY (`target_user_id_id`) REFERENCES `fos_user` (`id`)
) ENGINE=InnoDB DEFAULT CHARSET=utf8 COLLATE=utf8_unicode_ci;
/*!40101 SET character_set_client = @saved_cs_client */;

--
-- Dumping data for table `Flag`
--

LOCK TABLES `Flag` WRITE;
/*!40000 ALTER TABLE `Flag` DISABLE KEYS */;
/*!40000 ALTER TABLE `Flag` ENABLE KEYS */;
UNLOCK TABLES;

--
-- Table structure for table `Interest`
--

DROP TABLE IF EXISTS `Interest`;
/*!40101 SET @saved_cs_client     = @@character_set_client */;
/*!40101 SET character_set_client = utf8 */;
CREATE TABLE `Interest` (
  `id` int(11) NOT NULL AUTO_INCREMENT,
  `name` varchar(200) COLLATE utf8_unicode_ci NOT NULL,
  `category` varchar(200) COLLATE utf8_unicode_ci DEFAULT NULL,
  `numUsers` int(11) NOT NULL,
  PRIMARY KEY (`id`)
) ENGINE=InnoDB AUTO_INCREMENT=56 DEFAULT CHARSET=utf8 COLLATE=utf8_unicode_ci;
/*!40101 SET character_set_client = @saved_cs_client */;

--
-- Dumping data for table `Interest`
--

LOCK TABLES `Interest` WRITE;
/*!40000 ALTER TABLE `Interest` DISABLE KEYS */;
INSERT INTO `Interest` VALUES (42,'chess',NULL,1),(43,'food',NULL,3),(44,'investing',NULL,2),(45,'electronics',NULL,0),(46,'rock climbing',NULL,0),(47,'bbq',NULL,0),(48,'book',NULL,2),(49,'travelling',NULL,3),(50,'pluto',NULL,1),(51,'coofee',NULL,0),(52,'coffee',NULL,1),(53,'egg',NULL,0),(54,'game',NULL,0),(55,'music',NULL,0);
/*!40000 ALTER TABLE `Interest` ENABLE KEYS */;
UNLOCK TABLES;

--
-- Table structure for table `Location`
--

DROP TABLE IF EXISTS `Location`;
/*!40101 SET @saved_cs_client     = @@character_set_client */;
/*!40101 SET character_set_client = utf8 */;
CREATE TABLE `Location` (
  `id` int(11) NOT NULL AUTO_INCREMENT,
  `city` varchar(255) COLLATE utf8_unicode_ci NOT NULL,
  `country` varchar(255) COLLATE utf8_unicode_ci NOT NULL,
  `zip` varchar(255) COLLATE utf8_unicode_ci NOT NULL,
  `latitude` double NOT NULL,
  `longitude` double NOT NULL,
  `numUsers` int(11) NOT NULL,
  PRIMARY KEY (`id`)
) ENGINE=InnoDB AUTO_INCREMENT=437 DEFAULT CHARSET=utf8 COLLATE=utf8_unicode_ci;
/*!40101 SET character_set_client = @saved_cs_client */;

--
-- Dumping data for table `Location`
--

LOCK TABLES `Location` WRITE;
/*!40000 ALTER TABLE `Location` DISABLE KEYS */;
INSERT INTO `Location` VALUES (6,'DAWES POINT','AUSTRALIA','2000',-33.855601,151.20822,0),(7,'HAYMARKET','AUSTRALIA','2000',-33.880777,151.202796,0),(8,'MILLERS POINT','AUSTRALIA','2000',-33.858315,151.203519,0),(9,'PARLIAMENT HOUSE','AUSTRALIA','2000',-33.867229,151.213051,0),(10,'SYDNEY','AUSTRALIA','2000',-33.867139,151.207114,0),(11,'SYDNEY SOUTH','AUSTRALIA','2000',-33.877718,151.205723,0),(12,'THE ROCKS','AUSTRALIA','2000',-33.859251,151.208782,0),(13,'THE UNIVERSITY OF SYDNEY','AUSTRALIA','2006',-33.887926,151.186923,0),(14,'BROADWAY','AUSTRALIA','2007',-33.884366,151.196502,0),(15,'ULTIMO','AUSTRALIA','2007',-33.878416,151.197272,0),(16,'CHIPPENDALE','AUSTRALIA','2008',-33.886844,151.201715,0),(17,'DARLINGTON','AUSTRALIA','2008',-33.891348,151.191243,0),(18,'PYRMONT','AUSTRALIA','2009',-33.869709,151.19393,0),(19,'DARLINGHURST','AUSTRALIA','2010',-33.879825,151.21956,0),(20,'SURRY HILLS','AUSTRALIA','2010',-33.888821,151.213328,0),(21,'ELIZABETH BAY','AUSTRALIA','2011',-33.872829,151.226593,0),(22,'HMAS KUTTABUL','AUSTRALIA','2011',-33.867206,151.225205,0),(23,'POTTS POINT','AUSTRALIA','2011',-33.869026,151.225603,0),(24,'RUSHCUTTERS BAY','AUSTRALIA','2011',-33.87624,151.228614,0),(25,'WOOLLOOMOOLOO','AUSTRALIA','2011',-33.869283,151.220412,0),(26,'ALEXANDRIA','AUSTRALIA','2015',-33.897571,151.195567,0),(27,'BEACONSFIELD','AUSTRALIA','2015',-33.911613,151.20189,0),(28,'EVELEIGH','AUSTRALIA','2015',-33.897075,151.19113,0),(29,'REDFERN','AUSTRALIA','2016',-33.892778,151.203901,0),(30,'WATERLOO','AUSTRALIA','2017',-33.9004,151.206144,0),(31,'ZETLAND','AUSTRALIA','2017',-33.909938,151.206234,0),(32,'EASTLAKES','AUSTRALIA','2018',-33.925133,151.213199,0),(33,'ROSEBERY','AUSTRALIA','2018',-33.920412,151.203107,0),(34,'BANKSMEADOW','AUSTRALIA','2019',-33.95742,151.206715,0),(35,'BOTANY','AUSTRALIA','2019',-33.94477,151.196528,0),(36,'MASCOT','AUSTRALIA','2020',-33.931189,151.19431,0),(37,'SYDNEY DOMESTIC AIRPORT','AUSTRALIA','2020',-33.931479,151.184989,0),(38,'SYDNEY INTERNATIONAL AIRPORT','AUSTRALIA','2020',-33.932035,151.1687,0),(39,'MOORE PARK','AUSTRALIA','2021',-33.893632,151.219357,0),(40,'PADDINGTON','AUSTRALIA','2021',-33.885032,151.226475,0),(41,'BONDI JUNCTION','AUSTRALIA','2022',-33.892324,151.24733,0),(42,'BONDI JUNCTION PLAZA','AUSTRALIA','2022',-33.891431,151.250862,0),(43,'QUEENS PARK','AUSTRALIA','2022',-33.903188,151.247205,0),(44,'BELLEVUE HILL','AUSTRALIA','2023',-33.887189,151.258935,0),(45,'BRONTE','AUSTRALIA','2024',-33.902328,151.263838,0),(46,'WAVERLEY','AUSTRALIA','2024',-33.897955,151.252059,0),(47,'WOOLLAHRA','AUSTRALIA','2025',-33.885795,151.24413,0),(48,'BONDI','AUSTRALIA','2026',-33.893739,151.262502,0),(49,'BONDI BEACH','AUSTRALIA','2026',-33.890542,151.274856,0),(50,'NORTH BONDI','AUSTRALIA','2026',-33.8857,151.279788,0),(51,'TAMARAMA','AUSTRALIA','2026',-33.897439,151.271839,0),(52,'DARLING POINT','AUSTRALIA','2027',-33.873808,151.236683,0),(53,'EDGECLIFF','AUSTRALIA','2027',-33.878586,151.235106,0),(54,'HMAS RUSHCUTTERS','AUSTRALIA','2027',-33.872495,151.235668,0),(55,'POINT PIPER','AUSTRALIA','2027',-33.870083,151.252329,0),(56,'DOUBLE BAY','AUSTRALIA','2028',-33.87906,151.243095,0),(57,'ROSE BAY','AUSTRALIA','2029',-33.866555,151.280456,0),(58,'DOVER HEIGHTS','AUSTRALIA','2030',-33.874405,151.280416,0),(59,'HMAS WATSON','AUSTRALIA','2030',-33.837706,151.281602,0),(60,'ROSE BAY NORTH','AUSTRALIA','2030',-33.866555,151.280456,0),(61,'VAUCLUSE','AUSTRALIA','2030',-33.859047,151.278434,0),(62,'WATSONS BAY','AUSTRALIA','2030',-33.844806,151.282368,0),(63,'CLOVELLY','AUSTRALIA','2031',-33.912639,151.262021,0),(64,'CLOVELLY WEST','AUSTRALIA','2031',-33.911604,151.254892,0),(65,'RANDWICK','AUSTRALIA','2031',-33.913164,151.241993,0),(66,'ST PAULS','AUSTRALIA','2031',-33.920227,151.242689,0),(67,'DACEYVILLE','AUSTRALIA','2032',-33.928043,151.22513,0),(68,'KINGSFORD','AUSTRALIA','2032',-33.924922,151.227811,0),(69,'KENSINGTON','AUSTRALIA','2033',-33.912997,151.219017,0),(70,'COOGEE','AUSTRALIA','2034',-33.920491,151.254401,0),(71,'SOUTH COOGEE','AUSTRALIA','2034',-33.931293,151.256089,0),(72,'MAROUBRA','AUSTRALIA','2035',-33.946123,151.242818,0),(73,'MAROUBRA SOUTH','AUSTRALIA','2035',-33.948856,151.246592,0),(74,'PAGEWOOD','AUSTRALIA','2035',-33.940108,151.228411,0),(75,'CHIFLEY','AUSTRALIA','2036',-33.976546,151.240248,0),(76,'EASTGARDENS','AUSTRALIA','2036',-33.946043,151.223301,0),(77,'HILLSDALE','AUSTRALIA','2036',-33.952685,151.231341,0),(78,'LA PEROUSE','AUSTRALIA','2036',-33.989634,151.231507,0),(79,'LITTLE BAY','AUSTRALIA','2036',-33.981177,151.243206,0),(80,'MALABAR','AUSTRALIA','2036',-33.965376,151.245969,0),(81,'MATRAVILLE','AUSTRALIA','2036',-33.957549,151.230846,0),(82,'PHILLIP BAY','AUSTRALIA','2036',-33.980556,151.236692,0),(83,'PORT BOTANY','AUSTRALIA','2036',-33.966245,151.225013,0),(84,'FOREST LODGE','AUSTRALIA','2037',-33.881215,151.181127,0),(85,'GLEBE','AUSTRALIA','2037',-33.880815,151.187791,0),(86,'ANNANDALE','AUSTRALIA','2038',-33.881435,151.170681,0),(87,'ROZELLE','AUSTRALIA','2039',-33.863063,151.170573,0),(88,'LEICHHARDT','AUSTRALIA','2040',-33.883793,151.157057,0),(89,'LILYFIELD','AUSTRALIA','2040',-33.872991,151.165788,0),(90,'BALMAIN','AUSTRALIA','2041',-33.856498,151.178009,0),(91,'BALMAIN EAST','AUSTRALIA','2041',-33.857833,151.190598,0),(92,'BIRCHGROVE','AUSTRALIA','2041',-33.853386,151.180609,0),(93,'ENMORE','AUSTRALIA','2042',-33.899362,151.171098,0),(94,'NEWTOWN','AUSTRALIA','2042',-33.896449,151.180013,0),(95,'ERSKINEVILLE','AUSTRALIA','2043',-33.902234,151.186192,0),(96,'ST PETERS','AUSTRALIA','2044',-33.911062,151.180126,0),(97,'SYDENHAM','AUSTRALIA','2044',-33.915222,151.166104,0),(98,'TEMPE','AUSTRALIA','2044',-33.924777,151.160747,0),(99,'HABERFIELD','AUSTRALIA','2045',-33.880496,151.138839,0),(100,'ABBOTSFORD','AUSTRALIA','2046',-33.852469,151.129453,0),(101,'CANADA BAY','AUSTRALIA','2046',-33.863194,151.116398,0),(102,'CHISWICK','AUSTRALIA','2046',-33.851437,151.135954,0),(103,'FIVE DOCK','AUSTRALIA','2046',-33.866368,151.130136,0),(104,'RODD POINT','AUSTRALIA','2046',-33.868208,151.141652,0),(105,'RUSSELL LEA','AUSTRALIA','2046',-33.86072,151.140711,0),(106,'WAREEMBA','AUSTRALIA','2046',-33.856828,151.130728,0),(107,'DRUMMOYNE','AUSTRALIA','2047',-33.851056,151.154542,0),(108,'STANMORE','AUSTRALIA','2048',-33.897351,151.16535,0),(109,'LEWISHAM','AUSTRALIA','2049',-33.894902,151.144413,0),(110,'PETERSHAM','AUSTRALIA','2049',-33.896242,151.154136,0),(111,'PETERSHAM NORTH','AUSTRALIA','2049',-33.889283,151.158575,0),(112,'CAMPERDOWN','AUSTRALIA','2050',-33.88866,151.177188,0),(113,'MISSENDEN ROAD','AUSTRALIA','2050',-33.888668,151.181531,0),(114,'NORTH SYDNEY','AUSTRALIA','2055',-33.802837,151.104935,0),(115,'HMAS WATERHEN','AUSTRALIA','2060',-33.840633,151.19497,0),(116,'LAVENDER BAY','AUSTRALIA','2060',-33.84307,151.208015,0),(117,'MCMAHONS POINT','AUSTRALIA','2060',-33.84464,151.20425,0),(118,'NORTH SYDNEY','AUSTRALIA','2060',-33.838265,151.206481,0),(119,'NORTH SYDNEY SHOPPINGWORLD','AUSTRALIA','2060',-33.837788,151.208276,0),(120,'WAVERTON','AUSTRALIA','2060',-33.839969,151.195808,0),(121,'KIRRIBILLI','AUSTRALIA','2061',-33.846275,151.212705,0),(122,'MILSONS POINT','AUSTRALIA','2061',-33.847526,151.211568,0),(123,'CAMMERAY','AUSTRALIA','2062',-33.821953,151.21043,0),(124,'NORTHBRIDGE','AUSTRALIA','2063',-33.815028,151.222266,0),(125,'ARTARMON','AUSTRALIA','2064',-33.807664,151.189662,0),(126,'CROWS NEST','AUSTRALIA','2065',-33.82609,151.199192,0),(127,'GREENWICH','AUSTRALIA','2065',-33.831958,151.186129,0),(128,'NAREMBURN','AUSTRALIA','2065',-33.817299,151.20116,0),(129,'ROYAL NORTH SHORE HOSPITAL','AUSTRALIA','2065',-33.821588,151.191396,0),(130,'ST LEONARDS','AUSTRALIA','2065',-33.823248,151.195504,0),(131,'WOLLSTONECRAFT','AUSTRALIA','2065',-33.828158,151.196621,0),(132,'LANE COVE','AUSTRALIA','2066',-33.814599,151.168722,0),(133,'LANE COVE NORTH','AUSTRALIA','2066',-33.807556,151.170912,0),(134,'LANE COVE WEST','AUSTRALIA','2066',-33.806246,151.153281,0),(135,'LINLEY POINT','AUSTRALIA','2066',-33.826777,151.148251,0),(136,'LONGUEVILLE','AUSTRALIA','2066',-33.833096,151.165342,0),(137,'NORTHWOOD','AUSTRALIA','2066',-33.829732,151.177751,0),(138,'RIVERVIEW','AUSTRALIA','2066',-33.825587,151.159934,0),(139,'CHATSWOOD','AUSTRALIA','2067',-33.795617,151.185329,0),(140,'CHATSWOOD WEST','AUSTRALIA','2067',-33.796332,151.167142,0),(141,'CASTLECRAG','AUSTRALIA','2068',-33.802403,151.212643,0),(142,'MIDDLE COVE','AUSTRALIA','2068',-33.794087,151.207975,0),(143,'NORTH WILLOUGHBY','AUSTRALIA','2068',-33.793089,151.195787,0),(144,'WILLOUGHBY','AUSTRALIA','2068',-33.801483,151.1986,0),(145,'WILLOUGHBY EAST','AUSTRALIA','2068',-33.802534,151.203505,0),(146,'WILLOUGHBY NORTH','AUSTRALIA','2068',-33.793089,151.195787,0),(147,'CASTLE COVE','AUSTRALIA','2069',-33.784165,151.199948,0),(148,'ROSEVILLE','AUSTRALIA','2069',-33.784635,151.177111,0),(149,'ROSEVILLE CHASE','AUSTRALIA','2069',-33.778902,151.195195,0),(150,'EAST LINDFIELD','AUSTRALIA','2070',-33.766415,151.186095,0),(151,'LINDFIELD','AUSTRALIA','2070',-33.776441,151.168736,0),(152,'LINDFIELD WEST','AUSTRALIA','2070',-33.784382,151.158141,0),(153,'EAST KILLARA','AUSTRALIA','2071',-33.753498,151.170003,0),(154,'KILLARA','AUSTRALIA','2071',-33.766376,151.162047,0),(155,'GORDON','AUSTRALIA','2072',-33.757349,151.155678,0),(156,'PYMBLE','AUSTRALIA','2073',-33.74414,151.141103,0),(157,'WEST PYMBLE','AUSTRALIA','2073',-33.760383,151.126038,0),(158,'NORTH TURRAMURRA','AUSTRALIA','2074',-33.713419,151.147146,0),(159,'SOUTH TURRAMURRA','AUSTRALIA','2074',-33.746027,151.113441,0),(160,'TURRAMURRA','AUSTRALIA','2074',-33.733244,151.129809,0),(161,'WARRAWEE','AUSTRALIA','2074',-33.722839,151.126134,0),(162,'ST IVES','AUSTRALIA','2075',-33.730601,151.158551,0),(163,'ST IVES CHASE','AUSTRALIA','2075',-33.707895,151.163446,0),(164,'NORMANHURST','AUSTRALIA','2076',-33.720999,151.097331,0),(165,'NORTH WAHROONGA','AUSTRALIA','2076',-33.702704,151.123179,0),(166,'WAHROONGA','AUSTRALIA','2076',-33.716405,151.118119,0),(167,'ASQUITH','AUSTRALIA','2077',-33.687484,151.108685,0),(168,'HORNSBY','AUSTRALIA','2077',-33.704748,151.098696,0),(169,'HORNSBY HEIGHTS','AUSTRALIA','2077',-33.670086,151.095503,0),(170,'WAITARA','AUSTRALIA','2077',-33.709541,151.104136,0),(171,'MOUNT COLAH','AUSTRALIA','2079',-33.664817,151.117161,0),(172,'MOUNT KURING-GAI','AUSTRALIA','2080',-33.628729,151.226792,0),(173,'BEROWRA','AUSTRALIA','2081',-33.623581,151.150117,0),(174,'COWAN','AUSTRALIA','2081',-33.589491,151.171015,0),(175,'BEROWRA HEIGHTS','AUSTRALIA','2082',-33.610968,151.136829,0),(176,'BEROWRA WATERS','AUSTRALIA','2082',-33.601653,151.11837,0),(177,'BAR POINT','AUSTRALIA','2083',-33.507463,151.163329,0),(178,'BROOKLYN','AUSTRALIA','2083',-33.548006,151.22519,0),(179,'CHEERO POINT','AUSTRALIA','2083',-33.514637,151.195142,0),(180,'COGRA BAY','AUSTRALIA','2083',-33.519596,151.223002,0),(181,'DANGAR ISLAND','AUSTRALIA','2083',-33.539357,151.241762,0),(182,'MILSONS PASSAGE','AUSTRALIA','2083',-33.518967,151.176541,0),(183,'MOONEY MOONEY','AUSTRALIA','2083',-33.490356,151.186179,0),(184,'COTTAGE POINT','AUSTRALIA','2084',-33.619578,151.203831,0),(185,'DUFFYS FOREST','AUSTRALIA','2084',-33.676775,151.199879,0),(186,'TERREY HILLS','AUSTRALIA','2084',-33.683644,151.22847,0),(187,'BELROSE','AUSTRALIA','2085',-33.739288,151.211439,0),(188,'BELROSE WEST','AUSTRALIA','2085',-33.761674,151.278773,0),(189,'DAVIDSON','AUSTRALIA','2085',-33.738731,151.194197,0),(190,'FRENCHS FOREST','AUSTRALIA','2086',-33.750964,151.226036,0),(191,'FRENCHS FOREST EAST','AUSTRALIA','2086',-33.751488,151.245461,0),(192,'FORESTVILLE','AUSTRALIA','2087',-33.762011,151.21406,0),(193,'KILLARNEY HEIGHTS','AUSTRALIA','2087',-33.773728,151.216125,0),(194,'MOSMAN','AUSTRALIA','2088',-33.829077,151.24409,0),(195,'SPIT JUNCTION','AUSTRALIA','2088',-33.822964,151.242292,0),(196,'NEUTRAL BAY','AUSTRALIA','2089',-33.83112,151.221232,0),(197,'NEUTRAL BAY JUNCTION','AUSTRALIA','2089',-33.831529,151.222401,0),(198,'CREMORNE','AUSTRALIA','2090',-33.828131,151.230233,0),(199,'CREMORNE JUNCTION','AUSTRALIA','2090',-33.843075,151.228923,0),(200,'CREMORNE POINT','AUSTRALIA','2090',-33.84447,151.228231,0),(201,'SEAFORTH','AUSTRALIA','2092',-33.797106,151.251146,0),(202,'BALGOWLAH','AUSTRALIA','2093',-33.794121,151.26268,0),(203,'BALGOWLAH HEIGHTS','AUSTRALIA','2093',-33.800553,151.257401,0),(204,'CLONTARF','AUSTRALIA','2093',-33.808238,151.255095,0),(205,'MANLY VALE','AUSTRALIA','2093',-33.784036,151.267315,0),(206,'NORTH BALGOWLAH','AUSTRALIA','2093',-33.787074,151.251721,0),(207,'FAIRLIGHT','AUSTRALIA','2094',-33.794163,151.273978,0),(208,'MANLY','AUSTRALIA','2095',-33.797144,151.28804,0),(209,'MANLY EAST','AUSTRALIA','2095',-33.801822,151.288876,0),(210,'CURL CURL','AUSTRALIA','2096',-33.768937,151.294035,0),(211,'HARBORD','AUSTRALIA','2096',-33.778663,151.285772,0),(212,'QUEENSCLIFF','AUSTRALIA','2096',-33.784595,151.287817,0),(213,'COLLAROY','AUSTRALIA','2097',-33.740969,151.303133,0),(214,'COLLAROY BEACH','AUSTRALIA','2097',-33.732122,151.301232,0),(215,'COLLAROY PLATEAU WEST','AUSTRALIA','2097',-33.728047,151.286514,0),(216,'WHEELER HEIGHTS','AUSTRALIA','2097',-33.732476,151.277439,0),(217,'CROMER','AUSTRALIA','2099',-33.740353,151.278523,0),(218,'DEE WHY','AUSTRALIA','2099',-33.753451,151.28554,0),(219,'NARRAWEENA','AUSTRALIA','2099',-33.749912,151.274687,0),(220,'NORTH CURL CURL','AUSTRALIA','2099',-33.761652,151.295691,0),(221,'ALLAMBIE HEIGHTS','AUSTRALIA','2100',-33.765076,151.248864,0),(222,'BEACON HILL','AUSTRALIA','2100',-33.752406,151.261272,0),(223,'BROOKVALE','AUSTRALIA','2100',-33.766629,151.273824,0),(224,'NORTH MANLY','AUSTRALIA','2100',-33.775702,151.269339,0),(225,'OXFORD FALLS','AUSTRALIA','2100',-33.730197,151.248218,0),(226,'WARRINGAH MALL','AUSTRALIA','2100',-33.767737,151.266062,0),(227,'ELANORA HEIGHTS','AUSTRALIA','2101',-33.695015,151.280156,0),(228,'INGLESIDE','AUSTRALIA','2101',-33.683176,151.262322,0),(229,'NARRABEEN','AUSTRALIA','2101',-33.723127,151.287366,0),(230,'NORTH NARRABEEN','AUSTRALIA','2101',-33.702661,151.293622,0),(231,'WARRIEWOOD','AUSTRALIA','2102',-33.686265,151.29908,0),(232,'MONA VALE','AUSTRALIA','2103',-33.67707,151.300316,0),(233,'BAYVIEW','AUSTRALIA','2104',-33.66445,151.298945,0),(234,'CHURCH POINT','AUSTRALIA','2105',-33.644873,151.284352,0),(235,'ELVINA BAY','AUSTRALIA','2105',-33.642011,151.276109,0),(236,'LOVETT BAY','AUSTRALIA','2105',-33.637405,151.278429,0),(237,'SCOTLAND ISLAND','AUSTRALIA','2105',-33.641752,151.290116,0),(238,'NEWPORT','AUSTRALIA','2106',-33.659896,151.309312,0),(239,'NEWPORT BEACH','AUSTRALIA','2106',-33.652485,151.322776,0),(240,'AVALON BEACH','AUSTRALIA','2107',-33.636325,151.330596,0),(241,'BILGOLA','AUSTRALIA','2107',-33.645562,151.323857,0),(242,'CAREEL BAY','AUSTRALIA','2107',-33.623135,151.327046,0),(243,'CLAREVILLE','AUSTRALIA','2107',-33.634905,151.313321,0),(244,'PARADISE BEACH','AUSTRALIA','2107',-33.624257,151.31871,0),(245,'TAYLORS POINT','AUSTRALIA','2107',-33.637041,151.305538,0),(246,'WHALE BEACH','AUSTRALIA','2107',-33.614274,151.330438,0),(247,'COASTERS RETREAT','AUSTRALIA','2108',-33.6048,151.29883,0),(248,'CURRAWONG BEACH','AUSTRALIA','2108',-33.597338,151.298367,0),(249,'GREAT MACKEREL BEACH','AUSTRALIA','2108',-33.591729,151.300451,0),(250,'MORNING BAY','AUSTRALIA','2108',-33.623044,151.281623,0),(251,'PALM BEACH','AUSTRALIA','2108',-33.604282,151.321419,0),(252,'THE BASIN','AUSTRALIA','2108',-33.602384,151.293682,0),(253,'HUNTERS HILL','AUSTRALIA','2110',-33.83484,151.154196,0),(254,'WOOLWICH','AUSTRALIA','2110',-33.838393,151.172535,0),(255,'BORONIA PARK','AUSTRALIA','2111',-33.820941,151.140067,0),(256,'GLADESVILLE','AUSTRALIA','2111',-33.832894,151.126964,1),(257,'HENLEY','AUSTRALIA','2111',-33.842216,151.135943,0),(258,'HUNTLEYS COVE','AUSTRALIA','2111',-33.839798,151.144587,0),(259,'HUNTLEYS POINT','AUSTRALIA','2111',-33.840088,151.145968,0),(260,'MONASH PARK','AUSTRALIA','2111',-33.82248,151.125215,0),(261,'TENNYSON POINT','AUSTRALIA','2111',-33.831448,151.117286,0),(262,'DENISTONE EAST','AUSTRALIA','2112',-33.797177,151.097546,0),(263,'PUTNEY','AUSTRALIA','2112',-33.824735,151.112549,0),(264,'RYDE','AUSTRALIA','2112',-33.812953,151.104942,0),(265,'BLENHEIM ROAD','AUSTRALIA','2113',-33.798595,151.133903,0),(266,'EAST RYDE','AUSTRALIA','2113',-33.813769,151.140289,0),(267,'MACQUARIE CENTRE','AUSTRALIA','2113',-33.777139,151.120702,0),(268,'MACQUARIE PARK','AUSTRALIA','2113',-33.779795,151.134041,0),(269,'NORTH RYDE','AUSTRALIA','2113',-33.79677,151.124355,0),(270,'DENISTONE','AUSTRALIA','2114',-33.799441,151.07959,0),(271,'DENISTONE WEST','AUSTRALIA','2114',-33.802382,151.066085,0),(272,'MEADOWBANK','AUSTRALIA','2114',-33.815912,151.090715,0),(273,'MELROSE PARK','AUSTRALIA','2114',-33.816575,151.076089,0),(274,'WEST RYDE','AUSTRALIA','2114',-33.807712,151.088724,0),(275,'ERMINGTON','AUSTRALIA','2115',-33.814144,151.054495,0),(276,'RYDALMERE','AUSTRALIA','2116',-33.811244,151.034464,0),(277,'DUNDAS','AUSTRALIA','2117',-33.799405,151.044189,0),(278,'DUNDAS VALLEY','AUSTRALIA','2117',-33.78724,151.061185,0),(279,'OATLANDS','AUSTRALIA','2117',-33.796298,151.026314,0),(280,'TELOPEA','AUSTRALIA','2117',-33.795986,151.045106,0),(281,'CARLINGFORD','AUSTRALIA','2118',-33.782959,151.047707,0),(282,'CARLINGFORD COURT','AUSTRALIA','2118',-33.776166,151.0524,0),(283,'CARLINGFORD NORTH','AUSTRALIA','2118',-33.763237,151.047719,0),(284,'KINGSDENE','AUSTRALIA','2118',-33.784272,151.02806,0),(285,'BEECROFT','AUSTRALIA','2119',-33.749498,151.064533,0),(286,'CHELTENHAM','AUSTRALIA','2119',-33.76169,151.079364,0),(287,'PENNANT HILLS','AUSTRALIA','2120',-33.738681,151.071433,0),(288,'THORNLEIGH','AUSTRALIA','2120',-33.730816,151.081226,0),(289,'WESTLEIGH','AUSTRALIA','2120',-33.711956,151.072836,0),(290,'EPPING','AUSTRALIA','2121',-33.772549,151.082365,0),(291,'NORTH EPPING','AUSTRALIA','2121',-33.759777,151.087742,0),(292,'EASTWOOD','AUSTRALIA','2122',-33.789986,151.080914,0),(293,'MARSFIELD','AUSTRALIA','2122',-33.783971,151.094241,0),(294,'WEST PENNANT HILLS','AUSTRALIA','2125',-33.753676,151.039113,0),(295,'CHERRYBROOK','AUSTRALIA','2126',-33.722019,151.041806,0),(296,'HOMEBUSH BAY','AUSTRALIA','2127',-33.85283,151.076186,0),(297,'NEWINGTON','AUSTRALIA','2127',-33.839276,151.054828,0),(298,'SILVERWATER','AUSTRALIA','2128',-33.835928,151.047591,0),(299,'SUMMER HILL','AUSTRALIA','2130',-33.891712,151.137258,0),(300,'ASHFIELD','AUSTRALIA','2131',-33.889498,151.127444,0),(301,'CROYDON','AUSTRALIA','2132',-33.883163,151.114771,0),(302,'CROYDON PARK','AUSTRALIA','2133',-33.895299,151.108581,0),(303,'ENFIELD SOUTH','AUSTRALIA','2133',-33.895575,151.093456,0),(304,'BURWOOD','AUSTRALIA','2134',-33.877423,151.103682,0),(305,'BURWOOD NORTH','AUSTRALIA','2134',-33.876154,151.103933,0),(306,'STRATHFIELD','AUSTRALIA','2135',-33.873913,151.093993,0),(307,'BURWOOD HEIGHTS','AUSTRALIA','2136',-33.888328,151.103412,0),(308,'ENFIELD','AUSTRALIA','2136',-33.886854,151.092425,0),(309,'STRATHFIELD SOUTH','AUSTRALIA','2136',-33.891711,151.082992,0),(310,'BREAKFAST POINT','AUSTRALIA','2137',-33.841583,151.107502,0),(311,'CABARITA','AUSTRALIA','2137',-33.849081,151.113765,0),(312,'CONCORD','AUSTRALIA','2137',-33.857857,151.103502,0),(313,'MORTLAKE','AUSTRALIA','2137',-33.843435,151.10698,0),(314,'NORTH STRATHFIELD','AUSTRALIA','2137',-33.85746,151.091954,0),(315,'CONCORD WEST','AUSTRALIA','2138',-33.848041,151.087326,0),(316,'LIBERTY GROVE','AUSTRALIA','2138',-33.841665,151.083609,0),(317,'RHODES','AUSTRALIA','2138',-33.830764,151.088105,0),(318,'HOMEBUSH','AUSTRALIA','2140',-33.859654,151.081847,0),(319,'HOMEBUSH SOUTH','AUSTRALIA','2140',-33.867767,151.08447,0),(320,'HOMEBUSH WEST','AUSTRALIA','2140',-33.866788,151.069369,0),(321,'BERALA','AUSTRALIA','2141',-33.871904,151.031033,0),(322,'LIDCOMBE','AUSTRALIA','2141',-33.865218,151.043519,0),(323,'LIDCOMBE NORTH','AUSTRALIA','2141',-33.854197,151.047419,0),(324,'ROOKWOOD','AUSTRALIA','2141',-33.866398,151.058147,0),(325,'BLAXCELL','AUSTRALIA','2142',-33.853251,151.008129,0),(326,'CAMELLIA','AUSTRALIA','2142',-33.816872,151.022191,0),(327,'CLYDE','AUSTRALIA','2142',-33.832322,151.019414,0),(328,'GRANVILLE','AUSTRALIA','2142',-33.835887,151.01064,0),(329,'HOLROYD','AUSTRALIA','2142',-33.829836,150.993334,0),(330,'ROSEHILL','AUSTRALIA','2142',-33.819992,151.024558,0),(331,'SOUTH GRANVILLE','AUSTRALIA','2142',-33.863022,151.006224,0),(332,'BIRRONG','AUSTRALIA','2143',-33.89022,151.022398,0),(333,'POTTS HILL','AUSTRALIA','2143',-33.898247,151.031087,0),(334,'REGENTS PARK','AUSTRALIA','2143',-33.883928,151.023796,0),(335,'AUBURN','AUSTRALIA','2144',-33.849322,151.033421,0),(336,'GIRRAWEEN','AUSTRALIA','2145',-33.799843,150.947276,0),(337,'GREYSTANES','AUSTRALIA','2145',-33.829667,150.951452,0),(338,'MAYS HILL','AUSTRALIA','2145',-33.82066,150.990511,0),(339,'PEMULWUY','AUSTRALIA','2145',-33.821944,150.923752,0),(340,'PENDLE HILL','AUSTRALIA','2145',-33.801912,150.955614,0),(341,'SOUTH WENTWORTHVILLE','AUSTRALIA','2145',-33.823892,150.969376,0),(342,'WENTWORTHVILLE','AUSTRALIA','2145',-33.805922,150.970183,0),(343,'WESTMEAD','AUSTRALIA','2145',-33.805332,150.986608,0),(344,'OLD TOONGABBIE','AUSTRALIA','2146',-33.792713,150.974108,0),(345,'TOONGABBIE','AUSTRALIA','2146',-33.788942,150.950644,0),(346,'TOONGABBIE EAST','AUSTRALIA','2146',-33.788155,150.960639,0),(347,'KINGS LANGLEY','AUSTRALIA','2147',-33.742079,150.922711,0),(348,'LALOR PARK','AUSTRALIA','2147',-33.761339,150.930337,0),(349,'SEVEN HILLS','AUSTRALIA','2147',-33.775477,150.934257,0),(350,'SEVEN HILLS WEST','AUSTRALIA','2147',-33.771047,150.923871,0),(351,'ARNDELL PARK','AUSTRALIA','2148',-33.787266,150.871959,0),(352,'BLACKTOWN','AUSTRALIA','2148',-33.770184,150.908501,0),(353,'BLACKTOWN WESTPOINT','AUSTRALIA','2148',-33.770162,150.905148,0),(354,'HUNTINGWOOD','AUSTRALIA','2148',-33.797537,150.879863,0),(355,'KINGS PARK','AUSTRALIA','2148',-33.745736,150.904598,0),(356,'MARAYONG','AUSTRALIA','2148',-33.746168,150.898338,0),(357,'PROSPECT','AUSTRALIA','2148',-33.801553,150.916198,0),(358,'HARRIS PARK','AUSTRALIA','2150',-33.822427,151.008961,0),(359,'PARRAMATTA','AUSTRALIA','2150',-33.816957,151.003451,0),(360,'PARRAMATTA WESTFIELD','AUSTRALIA','2150',-33.817717,151.001359,0),(361,'NORTH PARRAMATTA','AUSTRALIA','2151',-33.798043,151.010707,0),(362,'NORTH ROCKS','AUSTRALIA','2151',-33.768119,151.02854,0),(363,'NORTHMEAD','AUSTRALIA','2152',-33.783849,150.994336,0),(364,'BAULKHAM HILLS','AUSTRALIA','2153',-33.758601,150.992887,0),(365,'BELLA VISTA','AUSTRALIA','2153',-33.737345,150.95501,0),(366,'WINSTON HILLS','AUSTRALIA','2153',-33.776054,150.987795,0),(367,'CASTLE HILL','AUSTRALIA','2154',-33.732307,151.005616,0),(368,'BEAUMONT HILLS','AUSTRALIA','2155',-33.703416,150.946875,0),(369,'KELLYVILLE','AUSTRALIA','2155',-33.712415,150.958009,0),(370,'KELLYVILLE RIDGE','AUSTRALIA','2155',-33.700104,150.92865,0),(371,'ROUSE HILL','AUSTRALIA','2155',-33.682068,150.915397,0),(372,'ANNANGROVE','AUSTRALIA','2156',-33.657772,150.943505,0),(373,'GLENHAVEN','AUSTRALIA','2156',-33.703218,151.006899,0),(374,'KENTHURST','AUSTRALIA','2156',-33.661023,151.005034,0),(375,'CANOELANDS','AUSTRALIA','2157',-33.508714,151.061148,0),(376,'FOREST GLEN','AUSTRALIA','2157',-33.549519,151.012846,0),(377,'GLENORIE','AUSTRALIA','2157',-33.620011,151.023035,0),(378,'DURAL','AUSTRALIA','2158',-33.681875,151.028435,0),(379,'MIDDLE DURAL','AUSTRALIA','2158',-33.648471,151.021276,0),(380,'ROUND CORNER','AUSTRALIA','2158',-33.695103,151.017906,0),(381,'ARCADIA','AUSTRALIA','2159',-33.623101,151.052726,0),(382,'BERRILEE','AUSTRALIA','2159',-33.61497,151.095573,0),(383,'FIDDLETOWN','AUSTRALIA','2159',-33.602321,151.055702,0),(384,'GALSTON','AUSTRALIA','2159',-33.652661,151.043059,0),(385,'MERRYLANDS','AUSTRALIA','2160',-33.836381,150.989219,0),(386,'MERRYLANDS WEST','AUSTRALIA','2160',-33.832864,150.972036,0),(387,'GUILDFORD','AUSTRALIA','2161',-33.853984,150.985958,0),(388,'GUILDFORD WEST','AUSTRALIA','2161',-33.851099,150.972299,0),(389,'OLD GUILDFORD','AUSTRALIA','2161',-33.867084,150.988073,0),(390,'YENNORA','AUSTRALIA','2161',-33.860889,150.969356,0),(391,'CHESTER HILL','AUSTRALIA','2162',-33.883157,151.001185,0),(392,'SEFTON','AUSTRALIA','2162',-33.885501,151.011469,0),(393,'CARRAMAR','AUSTRALIA','2163',-33.884558,150.961884,0),(394,'LANSDOWNE','AUSTRALIA','2163',-33.893687,150.971005,0),(395,'VILLAWOOD','AUSTRALIA','2163',-33.883679,150.976468,0),(396,'SMITHFIELD','AUSTRALIA','2164',-33.853546,150.940431,0),(397,'SMITHFIELD WEST','AUSTRALIA','2164',-33.850834,150.922215,0),(398,'WETHERILL PARK','AUSTRALIA','2164',-33.847512,150.913204,0),(399,'WOODPARK','AUSTRALIA','2164',-33.84063,150.961859,0),(400,'FAIRFIELD','AUSTRALIA','2165',-33.868529,150.955512,0),(401,'FAIRFIELD EAST','AUSTRALIA','2165',-33.869449,150.977528,0),(402,'FAIRFIELD HEIGHTS','AUSTRALIA','2165',-33.864603,150.938451,0),(403,'FAIRFIELD WEST','AUSTRALIA','2165',-33.868955,150.922057,0),(404,'CABRAMATTA','AUSTRALIA','2166',-33.89507,150.935889,0),(405,'CABRAMATTA WEST','AUSTRALIA','2166',-33.899136,150.917514,0),(406,'CANLEY HEIGHTS','AUSTRALIA','2166',-33.883633,150.923895,0),(407,'CANLEY VALE','AUSTRALIA','2166',-33.887291,150.943275,0),(408,'LANSVALE','AUSTRALIA','2166',-33.89733,150.952786,0),(409,'GLENFIELD','AUSTRALIA','2167',-33.971305,150.894517,0),(410,'ASHCROFT','AUSTRALIA','2168',-33.917587,150.899095,0),(411,'BUSBY','AUSTRALIA','2168',-33.910896,150.875155,0),(412,'CARTWRIGHT','AUSTRALIA','2168',-33.926577,150.890356,0),(413,'GREEN VALLEY','AUSTRALIA','2168',-33.903526,150.86636,0),(414,'HECKENBERG','AUSTRALIA','2168',-33.911083,150.889921,0),(415,'HINCHINBROOK','AUSTRALIA','2168',-33.916611,150.863863,0),(416,'SADLEIR','AUSTRALIA','2168',-33.920629,150.890212,0),(417,'CASULA','AUSTRALIA','2170',-33.94735,150.907753,0),(418,'CASULA MALL','AUSTRALIA','2170',-33.950422,150.909367,0),(419,'CHIPPING NORTON','AUSTRALIA','2170',-33.916829,150.961662,0),(420,'HAMMONDVILLE','AUSTRALIA','2170',-33.948113,150.953727,0),(421,'LIVERPOOL','AUSTRALIA','2170',-33.92505,150.924429,0),(422,'LIVERPOOL SOUTH','AUSTRALIA','2170',-33.933376,150.906608,0),(423,'LIVERPOOL WESTFIELD','AUSTRALIA','2170',-33.918951,150.923868,0),(424,'LURNEA','AUSTRALIA','2170',-33.931947,150.896105,0),(425,'MOOREBANK','AUSTRALIA','2170',-33.933805,150.953602,0),(426,'MOUNT PRITCHARD','AUSTRALIA','2170',-33.894817,150.90304,0),(427,'PRESTONS','AUSTRALIA','2170',-33.942903,150.872145,0),(428,'WARWICK FARM','AUSTRALIA','2170',-33.913423,150.932752,0),(429,'CECIL HILLS','AUSTRALIA','2171',-33.883696,150.853171,0),(430,'HORNINGSEA PARK','AUSTRALIA','2171',-33.945088,150.842975,0),(431,'HOXTON PARK','AUSTRALIA','2171',-33.92678,150.857888,0),(432,'MIDDLETON GRANGE','AUSTRALIA','2171',-33.914093,150.843547,0),(433,'WEST HOXTON','AUSTRALIA','2171',-33.922272,150.839967,0),(434,'PLEASURE POINT','AUSTRALIA','2172',-33.966909,150.98764,0),(435,'SANDY POINT','AUSTRALIA','2172',-33.975419,150.993967,0),(436,'VOYAGER POINT','AUSTRALIA','2172',-33.964547,150.97238,0);
/*!40000 ALTER TABLE `Location` ENABLE KEYS */;
UNLOCK TABLES;

--
-- Table structure for table `Message`
--

DROP TABLE IF EXISTS `Message`;
/*!40101 SET @saved_cs_client     = @@character_set_client */;
/*!40101 SET character_set_client = utf8 */;
CREATE TABLE `Message` (
  `id` int(11) NOT NULL AUTO_INCREMENT,
  `date_id` int(11) DEFAULT NULL,
  `sender_id` int(11) DEFAULT NULL,
  `message_date` datetime DEFAULT NULL,
  `message_content` text COLLATE utf8_unicode_ci NOT NULL,
  `target_id` int(11) DEFAULT NULL,
  PRIMARY KEY (`id`),
  KEY `IDX_790009E3B897366B` (`date_id`),
  KEY `IDX_790009E3F624B39D` (`sender_id`),
  KEY `IDX_790009E3158E0B66` (`target_id`),
  CONSTRAINT `FK_790009E3158E0B66` FOREIGN KEY (`target_id`) REFERENCES `fos_user` (`id`),
  CONSTRAINT `FK_790009E3B897366B` FOREIGN KEY (`date_id`) REFERENCES `Date` (`id`),
  CONSTRAINT `FK_790009E3F624B39D` FOREIGN KEY (`sender_id`) REFERENCES `fos_user` (`id`)
) ENGINE=InnoDB AUTO_INCREMENT=18 DEFAULT CHARSET=utf8 COLLATE=utf8_unicode_ci;
/*!40101 SET character_set_client = @saved_cs_client */;

--
-- Dumping data for table `Message`
--

LOCK TABLES `Message` WRITE;
/*!40000 ALTER TABLE `Message` DISABLE KEYS */;
INSERT INTO `Message` VALUES (1,98,70,'2014-01-18 11:01:19','hey man how are you?',69),(2,98,70,'2014-01-18 11:02:41','boom',69),(3,98,70,'2014-01-18 11:03:18','hi\nhow',69),(4,98,70,'2014-01-18 11:03:21','boom',69),(5,98,70,'2014-01-18 11:03:26','can we change the time?',69),(6,98,70,'2014-01-18 11:03:49','test3',69),(7,98,70,'2014-01-18 11:05:02','boom5',69),(8,98,70,'2014-01-18 11:05:06','boom6',69),(9,103,71,'2014-01-20 11:00:25','test',74),(10,103,71,'2014-01-20 11:00:28','test',74),(11,103,71,'2014-01-20 11:00:34','test 43',74),(12,103,74,'2014-01-20 11:04:15','howdy',71),(13,103,74,'2014-01-20 11:04:20','howdy 2',71),(14,103,74,'2014-01-20 11:04:25','howdy 3',71),(15,113,71,'2014-03-11 07:41:05','hello',74),(16,113,74,'2014-03-11 07:42:58','hello 2',71),(17,113,74,'2014-03-11 07:44:57','change location',71);
/*!40000 ALTER TABLE `Message` ENABLE KEYS */;
UNLOCK TABLES;

--
-- Table structure for table `Notice`
--

DROP TABLE IF EXISTS `Notice`;
/*!40101 SET @saved_cs_client     = @@character_set_client */;
/*!40101 SET character_set_client = utf8 */;
CREATE TABLE `Notice` (
  `id` int(11) NOT NULL AUTO_INCREMENT,
  `user_id` int(11) DEFAULT NULL,
  `sender_id` int(11) DEFAULT NULL,
  `date` datetime NOT NULL,
  `content` text COLLATE utf8_unicode_ci NOT NULL,
  `link` text COLLATE utf8_unicode_ci,
  `type` varchar(100) COLLATE utf8_unicode_ci NOT NULL,
  `is_read` tinyint(1) NOT NULL,
  `deleted` tinyint(1) NOT NULL,
  PRIMARY KEY (`id`),
  KEY `IDX_4FA140F4A76ED395` (`user_id`),
  KEY `IDX_4FA140F4F624B39D` (`sender_id`),
  CONSTRAINT `FK_4FA140F4A76ED395` FOREIGN KEY (`user_id`) REFERENCES `fos_user` (`id`),
  CONSTRAINT `FK_4FA140F4F624B39D` FOREIGN KEY (`sender_id`) REFERENCES `fos_user` (`id`)
) ENGINE=InnoDB AUTO_INCREMENT=6 DEFAULT CHARSET=utf8 COLLATE=utf8_unicode_ci;
/*!40101 SET character_set_client = @saved_cs_client */;

--
-- Dumping data for table `Notice`
--

LOCK TABLES `Notice` WRITE;
/*!40000 ALTER TABLE `Notice` DISABLE KEYS */;
INSERT INTO `Notice` VALUES (1,71,69,'2014-03-26 20:17:07','Rameez proposed a date','/date/133','date',1,0),(2,69,71,'2014-03-26 21:04:18','Doug Accepted your date','/date/133','date',1,0),(3,69,71,'2014-03-26 21:09:05','Doug proposed a date','/date/134','date',1,0),(4,70,84,'2014-03-28 10:46:50','ryan proposed a date','/date/135','date',0,0),(5,81,86,'2014-03-29 18:03:01','Rakib Hasan thinks your wall post is cool','/profile/86','global',0,0);
/*!40000 ALTER TABLE `Notice` ENABLE KEYS */;
UNLOCK TABLES;

--
-- Table structure for table `Notification`
--

DROP TABLE IF EXISTS `Notification`;
/*!40101 SET @saved_cs_client     = @@character_set_client */;
/*!40101 SET character_set_client = utf8 */;
CREATE TABLE `Notification` (
  `id` int(11) NOT NULL AUTO_INCREMENT,
  `sender_id` int(11) DEFAULT NULL,
  `target_id` int(11) DEFAULT NULL,
  `date` datetime NOT NULL,
  `content` text COLLATE utf8_unicode_ci NOT NULL,
  `notificationGroup_id` int(11) DEFAULT NULL,
  PRIMARY KEY (`id`),
  KEY `IDX_A765AD32F624B39D` (`sender_id`),
  KEY `IDX_A765AD32158E0B66` (`target_id`),
  KEY `IDX_A765AD326674D0DB` (`notificationGroup_id`),
  CONSTRAINT `FK_A765AD32158E0B66` FOREIGN KEY (`target_id`) REFERENCES `fos_user` (`id`),
  CONSTRAINT `FK_A765AD326674D0DB` FOREIGN KEY (`notificationGroup_id`) REFERENCES `NotificationGroup` (`id`),
  CONSTRAINT `FK_A765AD32F624B39D` FOREIGN KEY (`sender_id`) REFERENCES `fos_user` (`id`)
) ENGINE=InnoDB AUTO_INCREMENT=322 DEFAULT CHARSET=utf8 COLLATE=utf8_unicode_ci;
/*!40101 SET character_set_client = @saved_cs_client */;

--
-- Dumping data for table `Notification`
--

LOCK TABLES `Notification` WRITE;
/*!40000 ALTER TABLE `Notification` DISABLE KEYS */;
INSERT INTO `Notification` VALUES (232,70,69,'2014-01-10 13:36:02','New Date Request',420),(233,70,69,'2014-01-10 14:43:52','New Date Request',421),(234,69,70,'2014-01-10 15:06:36','Date Declined!',421),(235,69,70,'2014-01-10 15:06:50','Date Declined!',420),(236,69,70,'2014-01-10 15:08:46','New Date Request',422),(237,71,69,'2014-01-11 07:42:59','New Date Request',430),(238,69,70,'2014-01-13 09:18:38','New Date Request',446),(239,69,70,'2014-01-13 10:08:30','New Date Request',447),(240,69,70,'2014-01-13 11:16:45','New Date Request',448),(241,69,70,'2014-01-13 17:37:01','New Date Request',449),(242,69,70,'2014-01-13 19:28:09','New Date Request',450),(243,69,71,'2014-01-13 20:11:59','New Date Request',451),(244,71,69,'2014-01-13 20:39:43','Date Accepted!',451),(245,69,70,'2014-01-13 22:44:56','New Date Request',453),(246,69,70,'2014-01-13 22:58:44','New Date Request',454),(247,69,70,'2014-01-13 23:46:25','New Date Request',455),(248,69,70,'2014-01-14 08:38:14','New Date Request',459),(249,69,70,'2014-01-14 11:20:00','New Date Request',460),(250,69,71,'2014-01-14 11:38:41','New Date Request',461),(251,69,70,'2014-01-14 13:07:26','New Date Request',462),(252,69,72,'2014-01-14 13:15:26','New Date Request',463),(253,69,71,'2014-01-14 13:33:04','New Date Request',464),(254,70,69,'2014-01-14 14:41:48','Date Accepted!',462),(255,70,69,'2014-01-14 14:42:51','Date Declined!',460),(256,70,69,'2014-01-14 14:43:23','Date Ignored!',459),(257,70,69,'2014-01-14 14:43:55','Date Accepted!',455),(258,70,69,'2014-01-14 15:16:25','Date Reactived!',460),(259,74,71,'2014-01-14 19:37:39','thor and 1 other person thinks your wall post is cool',429),(260,74,71,'2014-01-14 19:38:21','New Date Request',471),(261,74,71,'2014-01-14 19:38:59','New Date Request',472),(262,71,74,'2014-01-14 19:42:14','Date Declined!',472),(263,71,74,'2014-01-14 19:42:53','Date Accepted!',471),(264,74,71,'2014-01-14 19:44:01','New date accepted!',471),(265,74,71,'2014-01-14 20:01:11','New Date Request',473),(266,71,74,'2014-01-14 20:03:32','Date Accepted!',473),(267,74,71,'2014-01-14 20:04:23','New date accepted!',473),(268,69,71,'2014-01-18 09:54:04','Rameez and 1 other person thinks your wall post is cool',452),(269,69,74,'2014-01-18 10:28:28','Rameez and 1 other person thinks your wall post is cool',470),(270,70,69,'2014-01-18 10:47:18','platinum and 1 other person thinks your wall post is cool',480),(271,70,69,'2014-01-18 10:48:52','New Date Request',481),(272,70,74,'2014-01-18 10:54:11','New Date Request',482),(273,70,74,'2014-01-18 10:56:56','New Date Request',483),(274,70,69,'2014-01-18 11:00:59','platinum and 1 other person thinks your wall post is cool',479),(275,70,69,'2014-01-18 11:01:00','platinum and 1 other person thinks your wall post is cool',478),(276,70,69,'2014-01-18 11:01:19','platinum: hey man how are you?',462),(277,70,69,'2014-01-18 11:02:41','platinum: boom',462),(278,70,69,'2014-01-18 11:03:18','platinum: hi\nhow',462),(279,70,69,'2014-01-18 11:03:21','platinum: boom',462),(280,70,69,'2014-01-18 11:03:26','platinum: can we change the time?',462),(281,70,69,'2014-01-18 11:03:49','platinum: test3',462),(282,70,69,'2014-01-18 11:05:02','platinum: boom5',462),(283,70,69,'2014-01-18 11:05:06','platinum: boom6',462),(284,69,70,'2014-01-18 11:40:01','Date Accepted!',481),(285,70,69,'2014-01-18 11:41:00','New Date Request',484),(286,70,69,'2014-01-18 11:41:06','New Date Request',485),(287,71,74,'2014-01-19 18:44:26','New Date Request',487),(288,71,69,'2014-01-19 19:06:50','Doug and 2 other people think your wall post is cool',480),(289,71,74,'2014-01-20 11:00:25','Doug: test',473),(290,71,74,'2014-01-20 11:00:29','Doug: test',473),(291,71,74,'2014-01-20 11:00:34','Doug: test 43',473),(292,74,71,'2014-01-20 11:04:15','thor: howdy',473),(293,74,71,'2014-01-20 11:04:20','thor: howdy 2',473),(294,74,71,'2014-01-20 11:04:25','thor: howdy 3',473),(295,80,69,'2014-02-17 10:29:03','New Date Request',491),(296,71,74,'2014-02-19 22:27:16','New Date Request',492),(297,69,80,'2014-02-20 14:22:06','Date Accepted!',491),(298,75,73,'2014-03-10 23:09:42','New Date Request',498),(299,71,74,'2014-03-11 07:28:38','New Date Request',499),(300,74,71,'2014-03-11 07:30:07','Date Accepted!',499),(301,71,74,'2014-03-11 07:41:05','Doug: hello',499),(302,74,71,'2014-03-11 07:42:58','thor: hello 2',499),(303,74,71,'2014-03-11 07:44:57','thor: change location',499),(304,71,75,'2014-03-11 07:53:38','New Date Request',500),(305,71,75,'2014-03-11 07:55:39','New Date Request',501),(306,71,75,'2014-03-11 08:29:09','New Date Request',502),(307,75,71,'2014-03-11 11:10:02','Date Declined!',500),(308,75,71,'2014-03-11 11:10:54','Date Reactived!',500),(309,75,71,'2014-03-11 11:11:20','Date Accepted!',500),(310,71,75,'2014-03-11 11:17:31','New Date Request',503),(311,71,75,'2014-03-11 13:17:10','New Date Request',504),(312,71,75,'2014-03-11 19:00:27','New Date Request',505),(313,71,75,'2014-03-14 06:26:46','New Date Request',506),(314,71,74,'2014-03-16 14:18:14','New Date Request',507),(315,71,75,'2014-03-17 16:11:48','New Date Request',508),(316,71,74,'2014-03-19 07:42:57','Doug thinks your wall post is cool',510),(317,74,71,'2014-03-19 07:53:05','thor thinks your wall post is cool',509),(318,71,74,'2014-03-19 22:30:32','New Date Request',512),(319,71,74,'2014-03-21 13:53:11','New Date Request',513),(320,71,74,'2014-03-21 22:36:10','New Date Request',514),(321,71,74,'2014-03-23 11:43:08','New Date Request',517);
/*!40000 ALTER TABLE `Notification` ENABLE KEYS */;
UNLOCK TABLES;

--
-- Table structure for table `NotificationGroup`
--

DROP TABLE IF EXISTS `NotificationGroup`;
/*!40101 SET @saved_cs_client     = @@character_set_client */;
/*!40101 SET character_set_client = utf8 */;
CREATE TABLE `NotificationGroup` (
  `id` int(11) NOT NULL AUTO_INCREMENT,
  `date` datetime NOT NULL,
  `type` varchar(100) COLLATE utf8_unicode_ci NOT NULL,
  `content` text COLLATE utf8_unicode_ci,
  `link` text COLLATE utf8_unicode_ci,
  `notificationRead` tinyint(1) NOT NULL,
  `deleted` tinyint(1) NOT NULL,
  PRIMARY KEY (`id`)
) ENGINE=InnoDB AUTO_INCREMENT=518 DEFAULT CHARSET=utf8 COLLATE=utf8_unicode_ci;
/*!40101 SET character_set_client = @saved_cs_client */;

--
-- Dumping data for table `NotificationGroup`
--

LOCK TABLES `NotificationGroup` WRITE;
/*!40000 ALTER TABLE `NotificationGroup` DISABLE KEYS */;
INSERT INTO `NotificationGroup` VALUES (419,'2014-01-10 13:24:49','global',NULL,'/get-single-photo/234',1,0),(420,'2014-01-10 15:06:50','date','Date Declined!','/date/82',1,1),(421,'2014-01-10 15:06:36','date','Date Declined!','/date/83',1,1),(422,'2014-01-10 15:08:46','date','New Date Request','/date/84',1,0),(423,'2014-01-11 07:41:02','global',NULL,'/get-single-photo/235',1,0),(424,'2014-01-11 07:41:17','global',NULL,'/get-single-wall-post/339',1,0),(425,'2014-01-11 07:41:17','global',NULL,'/get-single-wall-post/340',1,0),(426,'2014-01-11 07:41:18','global',NULL,'/get-single-photo/236',1,0),(427,'2014-01-11 07:41:18','global',NULL,'/get-single-wall-post/341',1,0),(428,'2014-01-11 07:41:21','global',NULL,'/get-single-photo/237',1,0),(429,'2014-01-14 19:37:39','global','thor and 1 other person thinks your wall post is cool','/get-single-wall-post/342',1,1),(430,'2014-01-11 07:42:59','date','New Date Request','/date/85',1,0),(431,'2014-01-11 09:32:00','global',NULL,'/get-single-wall-post/343',1,0),(432,'2014-01-11 09:32:01','global',NULL,'/get-single-photo/238',1,0),(433,'2014-01-11 09:32:01','global',NULL,'/get-single-wall-post/344',1,0),(434,'2014-01-11 09:32:02','global',NULL,'/get-single-photo/239',1,0),(435,'2014-01-11 09:32:02','global',NULL,'/get-single-wall-post/345',1,0),(436,'2014-01-11 09:32:02','global',NULL,'/get-single-wall-post/346',1,0),(437,'2014-01-11 09:32:02','global',NULL,'/get-single-wall-post/347',1,0),(438,'2014-01-11 09:32:02','global',NULL,'/get-single-wall-post/348',1,0),(439,'2014-01-11 09:32:03','global',NULL,'/get-single-wall-post/349',1,0),(440,'2014-01-11 09:32:03','global',NULL,'/get-single-wall-post/350',1,0),(441,'2014-01-11 09:32:03','global',NULL,'/get-single-wall-post/351',1,0),(442,'2014-01-11 09:33:55','global',NULL,'/get-single-wall-post/352',1,0),(443,'2014-01-11 09:34:34','global',NULL,'/get-single-wall-post/353',1,0),(444,'2014-01-11 09:34:34','global',NULL,'/get-single-wall-post/354',1,0),(445,'2014-01-11 09:34:34','global',NULL,'/get-single-wall-post/355',1,0),(446,'2014-01-13 09:18:38','date','New Date Request','/date/86',1,0),(447,'2014-01-13 10:08:30','date','New Date Request','/date/87',1,0),(448,'2014-01-13 11:16:45','date','New Date Request','/date/88',1,0),(449,'2014-01-13 17:37:01','date','New Date Request','/date/89',1,0),(450,'2014-01-13 19:28:09','date','New Date Request','/date/90',1,0),(451,'2014-01-13 20:39:43','date','Date Accepted!','/date/91',1,0),(452,'2014-01-18 09:54:04','global','Rameez and 1 other person thinks your wall post is cool','/get-single-wall-post/356',1,1),(453,'2014-01-13 22:44:56','date','New Date Request','/date/92',1,0),(454,'2014-01-13 22:58:44','date','New Date Request','/date/93',1,0),(455,'2014-01-14 14:43:55','date','Date Accepted!','/date/94',1,0),(456,'2014-01-13 23:48:37','global',NULL,'/get-single-wall-post/357',1,0),(457,'2014-01-13 23:48:40','global',NULL,'/get-single-photo/240',1,0),(458,'2014-01-13 23:48:40','global',NULL,'/get-single-wall-post/358',1,0),(459,'2014-01-14 14:43:23','date','Date Ignored!','/date/95',1,1),(460,'2014-01-14 15:16:25','date','Date Reactived!','/date/96',1,0),(461,'2014-01-14 11:38:41','date','New Date Request','/date/97',1,0),(462,'2014-01-18 11:05:06','date','platinum: boom6','/date/98',1,0),(463,'2014-01-14 13:15:26','date','New Date Request','/date/99',1,0),(464,'2014-01-14 13:33:04','date','New Date Request','/date/100',1,0),(465,'2014-01-14 14:20:04','global',NULL,'/get-single-photo/241',1,0),(466,'2014-01-14 14:37:49','global',NULL,'/get-single-photo/242',1,0),(467,'2014-01-14 14:39:20','global',NULL,'/get-single-photo/243',1,0),(468,'2014-01-14 14:39:29','global',NULL,'/get-single-wall-post/359',1,0),(469,'2014-01-14 19:34:53','global',NULL,'/get-single-photo/244',1,0),(470,'2014-01-18 10:28:28','global','Rameez and 1 other person thinks your wall post is cool','/get-single-wall-post/360',1,0),(471,'2014-01-14 19:44:01','date','New date accepted!','/date/101',1,0),(472,'2014-01-14 19:42:14','date','Date Declined!','/date/102',1,1),(473,'2014-01-20 11:04:25','date','thor: howdy 3','/date/103',1,0),(474,'2014-01-18 09:29:36','global',NULL,'/get-single-photo/245',1,0),(475,'2014-01-18 09:29:36','global',NULL,'/get-single-wall-post/361',1,0),(476,'2014-01-18 09:29:37','global',NULL,'/get-single-wall-post/362',1,0),(477,'2014-01-18 09:48:21','global',NULL,'/get-single-photo/246',1,0),(478,'2014-01-18 11:01:00','global','platinum and 1 other person thinks your wall post is cool','/get-single-wall-post/363',1,0),(479,'2014-01-18 11:00:59','global','platinum and 1 other person thinks your wall post is cool','/get-single-wall-post/364',1,0),(480,'2014-01-19 19:06:50','global','Doug and 2 other people think your wall post is cool','/get-single-wall-post/365',1,0),(481,'2014-01-18 11:40:01','date','Date Accepted!','/date/104',1,0),(482,'2014-01-18 10:54:11','date','New Date Request','/date/105',1,0),(483,'2014-01-18 10:56:56','date','New Date Request','/date/106',1,0),(484,'2014-01-18 11:41:00','date','New Date Request','/date/107',1,0),(485,'2014-01-18 11:41:06','date','New Date Request','/date/108',1,0),(486,'2014-01-19 18:41:14','global',NULL,'/get-single-wall-post/366',1,0),(487,'2014-01-19 18:44:26','date','New Date Request','/date/109',1,0),(488,'2014-01-20 17:47:40','global',NULL,'/get-single-photo/247',1,0),(489,'2014-01-29 19:51:40','global',NULL,'/get-single-photo/248',1,0),(490,'2014-02-05 07:42:26','global',NULL,'/get-single-photo/249',1,0),(491,'2014-02-20 14:22:06','date','Date Accepted!','/date/110',1,0),(492,'2014-02-19 22:27:16','date','New Date Request','/date/111',1,0),(493,'2014-02-24 13:55:33','global',NULL,'/get-single-photo/250',1,0),(494,'2014-02-24 13:55:37','global',NULL,'/get-single-wall-post/367',1,0),(495,'2014-03-04 14:43:20','global',NULL,'/get-single-wall-post/368',1,0),(496,'2014-03-04 14:44:14','global',NULL,'/get-single-wall-post/369',1,0),(497,'2014-03-06 11:48:21','global',NULL,'/get-single-wall-post/370',1,0),(498,'2014-03-10 23:09:42','date','New Date Request','/date/112',1,0),(499,'2014-03-11 07:44:57','date','thor: change location','/date/113',1,0),(500,'2014-03-11 11:11:20','date','Date Accepted!','/date/114',1,0),(501,'2014-03-11 07:55:39','date','New Date Request','/date/115',1,0),(502,'2014-03-11 08:29:09','date','New Date Request','/date/116',1,0),(503,'2014-03-11 11:17:31','date','New Date Request','/date/117',1,0),(504,'2014-03-11 13:17:10','date','New Date Request','/date/118',1,0),(505,'2014-03-11 19:00:27','date','New Date Request','/date/119',1,0),(506,'2014-03-14 06:26:46','date','New Date Request','/date/120',1,0),(507,'2014-03-16 14:18:14','date','New Date Request','/date/121',1,0),(508,'2014-03-17 16:11:48','date','New Date Request','/date/122',1,0),(509,'2014-03-19 07:53:05','global','thor thinks your wall post is cool','/get-single-wall-post/371',1,1),(510,'2014-03-19 07:42:57','global','Doug thinks your wall post is cool','/get-single-wall-post/372',1,0),(511,'2014-03-19 09:24:28','global',NULL,'/get-single-wall-post/373',1,0),(512,'2014-03-19 22:30:32','date','New Date Request','/date/123',0,0),(513,'2014-03-21 13:53:11','date','New Date Request','/date/124',0,0),(514,'2014-03-21 22:36:10','date','New Date Request','/date/125',0,0),(515,'2014-03-22 15:07:28','global',NULL,'/get-single-wall-post/374',1,0),(516,'2014-03-22 15:07:55','global',NULL,'/get-single-wall-post/375',1,0),(517,'2014-03-23 11:43:08','date','New Date Request','/date/126',0,0);
/*!40000 ALTER TABLE `NotificationGroup` ENABLE KEYS */;
UNLOCK TABLES;

--
-- Table structure for table `Noty`
--

DROP TABLE IF EXISTS `Noty`;
/*!40101 SET @saved_cs_client     = @@character_set_client */;
/*!40101 SET character_set_client = utf8 */;
CREATE TABLE `Noty` (
  `id` int(11) NOT NULL AUTO_INCREMENT,
  `sender_id` int(11) DEFAULT NULL,
  `target_id` int(11) DEFAULT NULL,
  `date` datetime NOT NULL,
  `type` varchar(100) COLLATE utf8_unicode_ci NOT NULL,
  `content` text COLLATE utf8_unicode_ci NOT NULL,
  `link` text COLLATE utf8_unicode_ci NOT NULL,
  `notyRead` tinyint(1) NOT NULL,
  PRIMARY KEY (`id`),
  KEY `IDX_7B8E0965F624B39D` (`sender_id`),
  KEY `IDX_7B8E0965158E0B66` (`target_id`),
  CONSTRAINT `FK_7B8E0965158E0B66` FOREIGN KEY (`target_id`) REFERENCES `fos_user` (`id`),
  CONSTRAINT `FK_7B8E0965F624B39D` FOREIGN KEY (`sender_id`) REFERENCES `fos_user` (`id`)
) ENGINE=InnoDB DEFAULT CHARSET=utf8 COLLATE=utf8_unicode_ci;
/*!40101 SET character_set_client = @saved_cs_client */;

--
-- Dumping data for table `Noty`
--

LOCK TABLES `Noty` WRITE;
/*!40000 ALTER TABLE `Noty` DISABLE KEYS */;
/*!40000 ALTER TABLE `Noty` ENABLE KEYS */;
UNLOCK TABLES;

--
-- Table structure for table `Photo`
--

DROP TABLE IF EXISTS `Photo`;
/*!40101 SET @saved_cs_client     = @@character_set_client */;
/*!40101 SET character_set_client = utf8 */;
CREATE TABLE `Photo` (
  `id` int(11) NOT NULL AUTO_INCREMENT,
  `user_id` int(11) NOT NULL,
  `name` varchar(255) COLLATE utf8_unicode_ci NOT NULL,
  `thumbnailPath` varchar(255) COLLATE utf8_unicode_ci DEFAULT NULL,
  `thumbnailWidth` int(11) NOT NULL,
  `thumbnailHeight` int(11) NOT NULL,
  `mediumPath` varchar(255) COLLATE utf8_unicode_ci DEFAULT NULL,
  `mediumWidth` int(11) NOT NULL,
  `mediumHeight` int(11) NOT NULL,
  `largePath` varchar(255) COLLATE utf8_unicode_ci DEFAULT NULL,
  `largeWidth` int(11) NOT NULL,
  `largeHeight` int(11) NOT NULL,
  `date` datetime NOT NULL,
  `status` varchar(255) COLLATE utf8_unicode_ci NOT NULL,
  `numLikes` int(11) NOT NULL,
  `mediumSquarePath` varchar(255) COLLATE utf8_unicode_ci DEFAULT NULL,
  `mediumSquareWidth` int(11) NOT NULL,
  `mediumSquareHeight` int(11) NOT NULL,
  `notificationGroup_id` int(11) DEFAULT NULL,
  PRIMARY KEY (`id`),
  UNIQUE KEY `UNIQ_D576AB1C6674D0DB` (`notificationGroup_id`),
  KEY `IDX_D576AB1CA76ED395` (`user_id`),
  CONSTRAINT `FK_D576AB1C6674D0DB` FOREIGN KEY (`notificationGroup_id`) REFERENCES `NotificationGroup` (`id`),
  CONSTRAINT `FK_D576AB1CA76ED395` FOREIGN KEY (`user_id`) REFERENCES `fos_user` (`id`)
) ENGINE=InnoDB AUTO_INCREMENT=254 DEFAULT CHARSET=utf8 COLLATE=utf8_unicode_ci;
/*!40101 SET character_set_client = @saved_cs_client */;

--
-- Dumping data for table `Photo`
--

LOCK TABLES `Photo` WRITE;
/*!40000 ALTER TABLE `Photo` DISABLE KEYS */;
INSERT INTO `Photo` VALUES (234,69,'uploads/Rameez/c4ef9c39b300931b69a36fb3dbb8d60e.jpg','uploads/Rameez/_thumb_c4ef9c39b300931b69a36fb3dbb8d60e.jpg',40,40,'uploads/Rameez/_medium_c4ef9c39b300931b69a36fb3dbb8d60e.jpg',300,300,'uploads/Rameez/_large_c4ef9c39b300931b69a36fb3dbb8d60e.jpg',600,600,'2014-01-10 13:24:49','published',1,'uploads/Rameez/_medium_square_c4ef9c39b300931b69a36fb3dbb8d60e.jpg',200,200,419),(235,71,'uploads/Doug/2548a4ac7ad6eddd035bced24ec6d964.jpg','uploads/Doug/_thumb_2548a4ac7ad6eddd035bced24ec6d964.jpg',40,40,'uploads/Doug/_medium_2548a4ac7ad6eddd035bced24ec6d964.jpg',300,300,'uploads/Doug/_large_2548a4ac7ad6eddd035bced24ec6d964.jpg',600,600,'2014-01-11 07:41:02','published',0,'uploads/Doug/_medium_square_2548a4ac7ad6eddd035bced24ec6d964.jpg',200,200,423),(237,71,'uploads/Doug/c793b3be8f18731f2a4c627fb3c6c63d.jpg','uploads/Doug/_thumb_c793b3be8f18731f2a4c627fb3c6c63d.jpg',40,40,'uploads/Doug/_medium_c793b3be8f18731f2a4c627fb3c6c63d.jpg',300,225,'uploads/Doug/_large_c793b3be8f18731f2a4c627fb3c6c63d.jpg',600,450,'2014-01-11 07:41:21','published',0,'uploads/Doug/_medium_square_c793b3be8f18731f2a4c627fb3c6c63d.jpg',200,200,428),(238,72,'uploads/Jason/4afd521d77158e02aed37e2274b90c9c.jpg','uploads/Jason/_thumb_4afd521d77158e02aed37e2274b90c9c.jpg',40,40,'uploads/Jason/_medium_4afd521d77158e02aed37e2274b90c9c.jpg',300,354,'uploads/Jason/_large_4afd521d77158e02aed37e2274b90c9c.jpg',600,707,'2014-01-11 09:32:01','published',0,'uploads/Jason/_medium_square_4afd521d77158e02aed37e2274b90c9c.jpg',200,200,432),(239,72,'uploads/Jason/5d0d5594d24f0f955548f0fc0ff83d10.jpg','uploads/Jason/_thumb_5d0d5594d24f0f955548f0fc0ff83d10.jpg',40,40,'uploads/Jason/_medium_5d0d5594d24f0f955548f0fc0ff83d10.jpg',300,169,'uploads/Jason/_large_5d0d5594d24f0f955548f0fc0ff83d10.jpg',600,338,'2014-01-11 09:32:02','published',0,'uploads/Jason/_medium_square_5d0d5594d24f0f955548f0fc0ff83d10.jpg',200,200,434),(241,70,'uploads/platinum/3016a447172f3045b65f5fc83e04b554.png','uploads/platinum/_thumb_3016a447172f3045b65f5fc83e04b554.png',40,40,'uploads/platinum/_medium_3016a447172f3045b65f5fc83e04b554.png',300,204,'uploads/platinum/_large_3016a447172f3045b65f5fc83e04b554.png',600,407,'2014-01-14 14:20:04','published',0,'uploads/platinum/_medium_square_3016a447172f3045b65f5fc83e04b554.png',200,200,465),(244,74,'uploads/thor/0a348ede8ac3768875037baca5de6e26.JPG','uploads/thor/_thumb_0a348ede8ac3768875037baca5de6e26.JPG',40,40,'uploads/thor/_medium_0a348ede8ac3768875037baca5de6e26.JPG',300,225,'uploads/thor/_large_0a348ede8ac3768875037baca5de6e26.JPG',600,450,'2014-01-14 19:34:53','published',0,'uploads/thor/_medium_square_0a348ede8ac3768875037baca5de6e26.JPG',200,200,469),(245,69,'uploads/Rameez/05edf455cb266ccb3ea3ac2715f87326.jpg','uploads/Rameez/_thumb_05edf455cb266ccb3ea3ac2715f87326.jpg',40,40,'uploads/Rameez/_medium_05edf455cb266ccb3ea3ac2715f87326.jpg',300,200,'uploads/Rameez/_large_05edf455cb266ccb3ea3ac2715f87326.jpg',600,400,'2014-01-18 09:29:36','published',0,'uploads/Rameez/_medium_square_05edf455cb266ccb3ea3ac2715f87326.jpg',200,200,474),(246,69,'uploads/Rameez/bac49b876d5dfc9cd169c22ef5178ca7.jpg','uploads/Rameez/_thumb_bac49b876d5dfc9cd169c22ef5178ca7.jpg',40,40,'uploads/Rameez/_medium_bac49b876d5dfc9cd169c22ef5178ca7.jpg',300,200,'uploads/Rameez/_large_bac49b876d5dfc9cd169c22ef5178ca7.jpg',600,400,'2014-01-18 09:48:21','published',1,'uploads/Rameez/_medium_square_bac49b876d5dfc9cd169c22ef5178ca7.jpg',200,200,477),(247,75,'uploads/Emanuele/088660d31e3314b1c5817fa45e9f25f1.jpg','uploads/Emanuele/_thumb_088660d31e3314b1c5817fa45e9f25f1.jpg',40,40,'uploads/Emanuele/_medium_088660d31e3314b1c5817fa45e9f25f1.jpg',300,300,'uploads/Emanuele/_large_088660d31e3314b1c5817fa45e9f25f1.jpg',600,600,'2014-01-20 17:47:40','published',0,'uploads/Emanuele/_medium_square_088660d31e3314b1c5817fa45e9f25f1.jpg',200,200,488),(248,77,'uploads/Nic/ca43108ded5aabc7793d3f9b928cdd54.jpg','uploads/Nic/_thumb_ca43108ded5aabc7793d3f9b928cdd54.jpg',40,40,'uploads/Nic/_medium_ca43108ded5aabc7793d3f9b928cdd54.jpg',300,300,'uploads/Nic/_large_ca43108ded5aabc7793d3f9b928cdd54.jpg',600,600,'2014-01-29 19:51:40','published',0,'uploads/Nic/_medium_square_ca43108ded5aabc7793d3f9b928cdd54.jpg',200,200,489),(249,79,'uploads/Nizar/86d7c8a08b4aaa1bc7c599473f5dddda.jpg','uploads/Nizar/_thumb_86d7c8a08b4aaa1bc7c599473f5dddda.jpg',40,40,'uploads/Nizar/_medium_86d7c8a08b4aaa1bc7c599473f5dddda.jpg',300,300,'uploads/Nizar/_large_86d7c8a08b4aaa1bc7c599473f5dddda.jpg',600,600,'2014-02-05 07:42:26','published',0,'uploads/Nizar/_medium_square_86d7c8a08b4aaa1bc7c599473f5dddda.jpg',200,200,490),(250,69,'uploads/Rameez/d1f255a373a3cef72e03aa9d980c7eca.jpg','uploads/Rameez/_thumb_d1f255a373a3cef72e03aa9d980c7eca.jpg',40,40,'uploads/Rameez/_medium_d1f255a373a3cef72e03aa9d980c7eca.jpg',300,200,'uploads/Rameez/_large_d1f255a373a3cef72e03aa9d980c7eca.jpg',600,400,'2014-02-24 13:55:33','published',1,'uploads/Rameez/_medium_square_d1f255a373a3cef72e03aa9d980c7eca.jpg',200,200,493),(251,87,'uploads/Lorem/debe236f3c30658190a8fe363a2b5cc0.jpg','uploads/Lorem/_thumb_debe236f3c30658190a8fe363a2b5cc0.jpg',40,40,'uploads/Lorem/_medium_debe236f3c30658190a8fe363a2b5cc0.jpg',300,225,'uploads/Lorem/_large_debe236f3c30658190a8fe363a2b5cc0.jpg',600,450,'2014-03-29 18:13:09','published',0,'uploads/Lorem/_medium_square_debe236f3c30658190a8fe363a2b5cc0.jpg',200,200,NULL),(252,87,'uploads/Lorem/cd81cfd0a3397761fac44ddbe5ec3349.jpg','uploads/Lorem/_thumb_cd81cfd0a3397761fac44ddbe5ec3349.jpg',40,40,'uploads/Lorem/_medium_cd81cfd0a3397761fac44ddbe5ec3349.jpg',300,237,'uploads/Lorem/_large_cd81cfd0a3397761fac44ddbe5ec3349.jpg',600,473,'2014-03-29 18:13:30','published',0,'uploads/Lorem/_medium_square_cd81cfd0a3397761fac44ddbe5ec3349.jpg',200,200,NULL),(253,87,'uploads/Lorem/fd0efcca272f704a760c3b61dcc70fd0.jpg','uploads/Lorem/_thumb_fd0efcca272f704a760c3b61dcc70fd0.jpg',40,40,'uploads/Lorem/_medium_fd0efcca272f704a760c3b61dcc70fd0.jpg',300,237,'uploads/Lorem/_large_fd0efcca272f704a760c3b61dcc70fd0.jpg',600,473,'2014-03-29 18:16:58','published',0,'uploads/Lorem/_medium_square_fd0efcca272f704a760c3b61dcc70fd0.jpg',200,200,NULL);
/*!40000 ALTER TABLE `Photo` ENABLE KEYS */;
UNLOCK TABLES;

--
-- Table structure for table `Preference`
--

DROP TABLE IF EXISTS `Preference`;
/*!40101 SET @saved_cs_client     = @@character_set_client */;
/*!40101 SET character_set_client = utf8 */;
CREATE TABLE `Preference` (
  `id` int(11) NOT NULL AUTO_INCREMENT,
  `preference` varchar(255) COLLATE utf8_unicode_ci NOT NULL,
  PRIMARY KEY (`id`)
) ENGINE=InnoDB AUTO_INCREMENT=4 DEFAULT CHARSET=utf8 COLLATE=utf8_unicode_ci;
/*!40101 SET character_set_client = @saved_cs_client */;

--
-- Dumping data for table `Preference`
--

LOCK TABLES `Preference` WRITE;
/*!40000 ALTER TABLE `Preference` DISABLE KEYS */;
INSERT INTO `Preference` VALUES (1,'Male'),(2,'Female'),(3,'Both');
/*!40000 ALTER TABLE `Preference` ENABLE KEYS */;
UNLOCK TABLES;

--
-- Table structure for table `RejectionNotification`
--

DROP TABLE IF EXISTS `RejectionNotification`;
/*!40101 SET @saved_cs_client     = @@character_set_client */;
/*!40101 SET character_set_client = utf8 */;
CREATE TABLE `RejectionNotification` (
  `id` int(11) NOT NULL AUTO_INCREMENT,
  `date_id` int(11) DEFAULT NULL,
  `timestamp` datetime NOT NULL,
  PRIMARY KEY (`id`),
  KEY `IDX_E66BB4E2B897366B` (`date_id`),
  CONSTRAINT `FK_E66BB4E2B897366B` FOREIGN KEY (`date_id`) REFERENCES `Date` (`id`)
) ENGINE=InnoDB AUTO_INCREMENT=3 DEFAULT CHARSET=utf8 COLLATE=utf8_unicode_ci;
/*!40101 SET character_set_client = @saved_cs_client */;

--
-- Dumping data for table `RejectionNotification`
--

LOCK TABLES `RejectionNotification` WRITE;
/*!40000 ALTER TABLE `RejectionNotification` DISABLE KEYS */;
INSERT INTO `RejectionNotification` VALUES (1,103,'2014-01-20 18:45:42'),(2,113,'2014-03-15 06:03:59');
/*!40000 ALTER TABLE `RejectionNotification` ENABLE KEYS */;
UNLOCK TABLES;

--
-- Table structure for table `Review`
--

DROP TABLE IF EXISTS `Review`;
/*!40101 SET @saved_cs_client     = @@character_set_client */;
/*!40101 SET character_set_client = utf8 */;
CREATE TABLE `Review` (
  `id` int(11) NOT NULL AUTO_INCREMENT,
  `date_id` int(11) DEFAULT NULL,
  `user_id` int(11) DEFAULT NULL,
  `review` text COLLATE utf8_unicode_ci NOT NULL,
  PRIMARY KEY (`id`),
  KEY `IDX_7EEF84F0B897366B` (`date_id`),
  KEY `IDX_7EEF84F0A76ED395` (`user_id`),
  CONSTRAINT `FK_7EEF84F0A76ED395` FOREIGN KEY (`user_id`) REFERENCES `fos_user` (`id`),
  CONSTRAINT `FK_7EEF84F0B897366B` FOREIGN KEY (`date_id`) REFERENCES `Date` (`id`)
) ENGINE=InnoDB AUTO_INCREMENT=7 DEFAULT CHARSET=utf8 COLLATE=utf8_unicode_ci;
/*!40101 SET character_set_client = @saved_cs_client */;

--
-- Dumping data for table `Review`
--

LOCK TABLES `Review` WRITE;
/*!40000 ALTER TABLE `Review` DISABLE KEYS */;
INSERT INTO `Review` VALUES (1,98,70,'nothing!'),(2,101,71,'Howdy neighbour'),(3,101,74,'howdy neighbour'),(4,103,71,'testing123'),(5,113,74,'clash of clan'),(6,114,75,'back to the future');
/*!40000 ALTER TABLE `Review` ENABLE KEYS */;
UNLOCK TABLES;

--
-- Table structure for table `Search`
--

DROP TABLE IF EXISTS `Search`;
/*!40101 SET @saved_cs_client     = @@character_set_client */;
/*!40101 SET character_set_client = utf8 */;
CREATE TABLE `Search` (
  `id` int(11) NOT NULL AUTO_INCREMENT,
  `preference` varchar(100) COLLATE utf8_unicode_ci NOT NULL,
  `age` int(11) NOT NULL,
  `interests` varchar(255) COLLATE utf8_unicode_ci NOT NULL,
  `location` varchar(100) COLLATE utf8_unicode_ci NOT NULL,
  PRIMARY KEY (`id`)
) ENGINE=InnoDB DEFAULT CHARSET=utf8 COLLATE=utf8_unicode_ci;
/*!40101 SET character_set_client = @saved_cs_client */;

--
-- Dumping data for table `Search`
--

LOCK TABLES `Search` WRITE;
/*!40000 ALTER TABLE `Search` DISABLE KEYS */;
/*!40000 ALTER TABLE `Search` ENABLE KEYS */;
UNLOCK TABLES;

--
-- Table structure for table `Tooltip`
--

DROP TABLE IF EXISTS `Tooltip`;
/*!40101 SET @saved_cs_client     = @@character_set_client */;
/*!40101 SET character_set_client = utf8 */;
CREATE TABLE `Tooltip` (
  `id` int(11) NOT NULL AUTO_INCREMENT,
  `anchorPage` varchar(200) COLLATE utf8_unicode_ci NOT NULL,
  `element` varchar(200) COLLATE utf8_unicode_ci NOT NULL,
  `tipGroup` varchar(200) COLLATE utf8_unicode_ci NOT NULL,
  `title` varchar(200) COLLATE utf8_unicode_ci NOT NULL,
  `content` varchar(200) COLLATE utf8_unicode_ci NOT NULL,
  `openOnLoad` tinyint(1) NOT NULL,
  `priority` int(11) DEFAULT NULL,
  `tag` varchar(200) COLLATE utf8_unicode_ci NOT NULL,
  `openTrigger` varchar(200) COLLATE utf8_unicode_ci NOT NULL,
  `closeTrigger` varchar(200) COLLATE utf8_unicode_ci NOT NULL,
  `closeEvent` varchar(200) COLLATE utf8_unicode_ci DEFAULT NULL,
  `openEvent` varchar(200) COLLATE utf8_unicode_ci DEFAULT NULL,
  PRIMARY KEY (`id`)
) ENGINE=InnoDB AUTO_INCREMENT=69 DEFAULT CHARSET=utf8 COLLATE=utf8_unicode_ci;
/*!40101 SET character_set_client = @saved_cs_client */;

--
-- Dumping data for table `Tooltip`
--

LOCK TABLES `Tooltip` WRITE;
/*!40000 ALTER TABLE `Tooltip` DISABLE KEYS */;
INSERT INTO `Tooltip` VALUES (63,'splash','#fos_user_registration_form_username','','','This will be public. If you don’t want people to see your real name, use a nickname!',0,NULL,'splashName','#fos_user_registration_form_username','#fos_user_registration_form_username','blur','focus'),(64,'splash','#fos_user_registration_form_email','','','We use your address for security and notification purposes only - no one else will see it.',0,NULL,'splashEmail','#fos_user_registration_form_email','#fos_user_registration_form_email','blur','focus'),(65,'selfProfile','#edit_profile','profileIntro','','Click here to edit your profile information. Other people want to hear interesting things about you!',1,0,'editProfile','','#edit_profile','click',NULL),(66,'selfProfile','#edit_interest_two','','','Add up to three interests that describe what you are truly passionate about.',0,0,'editProfileInterest','#edit_profile','.edit_complete, .interest_edit','click','click'),(67,'selfProfile','#profile_picture','profileIntro','','Click here to set your profile picture.',1,1,'profilePicture','','',NULL,NULL),(68,'selfPhotos','#upload_photos_facebook_container','','','Pictures you upload are not immediately visible. Once you\'ve uploaded a picture, click the publish button to make it appear on your profile.',1,1,'publishPhoto','','',NULL,NULL);
/*!40000 ALTER TABLE `Tooltip` ENABLE KEYS */;
UNLOCK TABLES;

--
-- Table structure for table `Transaction`
--

DROP TABLE IF EXISTS `Transaction`;
/*!40101 SET @saved_cs_client     = @@character_set_client */;
/*!40101 SET character_set_client = utf8 */;
CREATE TABLE `Transaction` (
  `id` int(11) NOT NULL AUTO_INCREMENT,
  `date` datetime NOT NULL,
  `description` varchar(500) COLLATE utf8_unicode_ci NOT NULL,
  `amount` double NOT NULL,
  PRIMARY KEY (`id`)
) ENGINE=InnoDB DEFAULT CHARSET=utf8 COLLATE=utf8_unicode_ci;
/*!40101 SET character_set_client = @saved_cs_client */;

--
-- Dumping data for table `Transaction`
--

LOCK TABLES `Transaction` WRITE;
/*!40000 ALTER TABLE `Transaction` DISABLE KEYS */;
/*!40000 ALTER TABLE `Transaction` ENABLE KEYS */;
UNLOCK TABLES;

--
-- Table structure for table `comment_interest`
--

DROP TABLE IF EXISTS `comment_interest`;
/*!40101 SET @saved_cs_client     = @@character_set_client */;
/*!40101 SET character_set_client = utf8 */;
CREATE TABLE `comment_interest` (
  `comment_id` int(11) NOT NULL,
  `interest_id` int(11) NOT NULL,
  PRIMARY KEY (`comment_id`,`interest_id`),
  KEY `IDX_717A7961F8697D13` (`comment_id`),
  KEY `IDX_717A79615A95FF89` (`interest_id`),
  CONSTRAINT `FK_717A79615A95FF89` FOREIGN KEY (`interest_id`) REFERENCES `Interest` (`id`) ON DELETE CASCADE,
  CONSTRAINT `FK_717A7961F8697D13` FOREIGN KEY (`comment_id`) REFERENCES `Comment` (`id`) ON DELETE CASCADE
) ENGINE=InnoDB DEFAULT CHARSET=utf8 COLLATE=utf8_unicode_ci;
/*!40101 SET character_set_client = @saved_cs_client */;

--
-- Dumping data for table `comment_interest`
--

LOCK TABLES `comment_interest` WRITE;
/*!40000 ALTER TABLE `comment_interest` DISABLE KEYS */;
INSERT INTO `comment_interest` VALUES (363,43),(364,43),(364,53),(369,42),(369,43),(369,54),(370,55);
/*!40000 ALTER TABLE `comment_interest` ENABLE KEYS */;
UNLOCK TABLES;

--
-- Table structure for table `favourites`
--

DROP TABLE IF EXISTS `favourites`;
/*!40101 SET @saved_cs_client     = @@character_set_client */;
/*!40101 SET character_set_client = utf8 */;
CREATE TABLE `favourites` (
  `user_id` int(11) NOT NULL,
  `favourite_user_id` int(11) NOT NULL,
  PRIMARY KEY (`user_id`,`favourite_user_id`),
  KEY `IDX_7F07C501A76ED395` (`user_id`),
  KEY `IDX_7F07C5016F994CE5` (`favourite_user_id`),
  CONSTRAINT `FK_7F07C5016F994CE5` FOREIGN KEY (`favourite_user_id`) REFERENCES `fos_user` (`id`),
  CONSTRAINT `FK_7F07C501A76ED395` FOREIGN KEY (`user_id`) REFERENCES `fos_user` (`id`)
) ENGINE=InnoDB DEFAULT CHARSET=utf8 COLLATE=utf8_unicode_ci;
/*!40101 SET character_set_client = @saved_cs_client */;

--
-- Dumping data for table `favourites`
--

LOCK TABLES `favourites` WRITE;
/*!40000 ALTER TABLE `favourites` DISABLE KEYS */;
INSERT INTO `favourites` VALUES (69,70),(71,76),(74,69),(74,72),(74,73),(74,75),(74,82);
/*!40000 ALTER TABLE `favourites` ENABLE KEYS */;
UNLOCK TABLES;

--
-- Table structure for table `fos_user`
--

DROP TABLE IF EXISTS `fos_user`;
/*!40101 SET @saved_cs_client     = @@character_set_client */;
/*!40101 SET character_set_client = utf8 */;
CREATE TABLE `fos_user` (
  `id` int(11) NOT NULL AUTO_INCREMENT,
  `location_id` int(11) DEFAULT NULL,
  `preference_id` int(11) DEFAULT NULL,
  `username` varchar(255) COLLATE utf8_unicode_ci NOT NULL,
  `username_canonical` varchar(255) COLLATE utf8_unicode_ci NOT NULL,
  `email` varchar(255) COLLATE utf8_unicode_ci NOT NULL,
  `email_canonical` varchar(255) COLLATE utf8_unicode_ci NOT NULL,
  `enabled` tinyint(1) NOT NULL,
  `salt` varchar(255) COLLATE utf8_unicode_ci NOT NULL,
  `password` varchar(255) COLLATE utf8_unicode_ci NOT NULL,
  `last_login` datetime DEFAULT NULL,
  `locked` tinyint(1) NOT NULL,
  `expired` tinyint(1) NOT NULL,
  `expires_at` datetime DEFAULT NULL,
  `confirmation_token` varchar(255) COLLATE utf8_unicode_ci DEFAULT NULL,
  `password_requested_at` datetime DEFAULT NULL,
  `roles` longtext COLLATE utf8_unicode_ci NOT NULL COMMENT '(DC2Type:array)',
  `credentials_expired` tinyint(1) NOT NULL,
  `credentials_expire_at` datetime DEFAULT NULL,
  `dob` varchar(255) COLLATE utf8_unicode_ci NOT NULL,
  `age` varchar(10) COLLATE utf8_unicode_ci DEFAULT NULL,
  `interestString` varchar(255) COLLATE utf8_unicode_ci DEFAULT NULL,
  `sex` varchar(255) COLLATE utf8_unicode_ci DEFAULT NULL,
  `charity` varchar(255) COLLATE utf8_unicode_ci DEFAULT NULL,
  `facebookId` varchar(255) COLLATE utf8_unicode_ci DEFAULT NULL,
  `firstname` varchar(255) COLLATE utf8_unicode_ci DEFAULT NULL,
  `lastname` varchar(255) COLLATE utf8_unicode_ci DEFAULT NULL,
  `displayPicture_id` int(11) DEFAULT NULL,
  `picturesImporting` tinyint(1) DEFAULT NULL,
  `facebookAccessToken` varchar(255) COLLATE utf8_unicode_ci DEFAULT NULL,
  `numDateNotifications` int(11) NOT NULL,
  `numGlobalNotifications` int(11) NOT NULL,
  `join_date` date DEFAULT NULL,
  `dreamPartnerDescription` longtext COLLATE utf8_unicode_ci,
  `selfDescription` longtext COLLATE utf8_unicode_ci,
  `private` tinyint(1) NOT NULL,
  `professional` tinyint(1) NOT NULL,
  `new_email` varchar(200) COLLATE utf8_unicode_ci DEFAULT NULL,
  PRIMARY KEY (`id`),
  UNIQUE KEY `UNIQ_957A647992FC23A8` (`username_canonical`),
  UNIQUE KEY `UNIQ_957A6479A0D96FBF` (`email_canonical`),
  UNIQUE KEY `UNIQ_957A64793035F818` (`displayPicture_id`),
  KEY `IDX_957A647964D218E` (`location_id`),
  KEY `IDX_957A6479D81022C0` (`preference_id`),
  CONSTRAINT `FK_957A64793035F818` FOREIGN KEY (`displayPicture_id`) REFERENCES `Photo` (`id`),
  CONSTRAINT `FK_957A647964D218E` FOREIGN KEY (`location_id`) REFERENCES `Location` (`id`),
  CONSTRAINT `FK_957A6479D81022C0` FOREIGN KEY (`preference_id`) REFERENCES `Preference` (`id`)
) ENGINE=InnoDB AUTO_INCREMENT=88 DEFAULT CHARSET=utf8 COLLATE=utf8_unicode_ci;
/*!40101 SET character_set_client = @saved_cs_client */;

--
-- Dumping data for table `fos_user`
--

LOCK TABLES `fos_user` WRITE;
/*!40000 ALTER TABLE `fos_user` DISABLE KEYS */;
INSERT INTO `fos_user` VALUES (69,141,2,'Rameez','rameez','rameez@sadikot.com','rameez@sadikot.com',1,'','','2014-03-31 16:48:06',0,0,NULL,NULL,NULL,'a:1:{i:0;s:13:\"ROLE_FACEBOOK\";}',0,NULL,'05/24/1985','28','coffee|pluto|travelling',NULL,'RSPCA','219000979','Rameez','Sadikot',246,NULL,'CAABhoZB7soyUBAIGwOZARGYe1cjggHstCfPBRrCGHclQE1R0fYTpQE2GIKZAVZBL43ymOg9BzxRmlCOihGnYzOaSi52bIs0mcTxXOw9oLdqDp4K2oXXsTY3ZAdAgDK2JTXvJpjncCQ8jwZCGCP4gS6HMbM0X31UPaNIbWNEDr2163kcRiBWuVr',0,0,NULL,NULL,NULL,0,0,NULL),(70,NULL,NULL,'platinum','platinum','sadikot@platinum.com.au','sadikot@platinum.com.au',1,'jua3dd876e8g880kkgc0wokgck0sgok','3GGxyVC4zy/i0f8dbjG4b1QpOwqs5+az8lROp5bSfwLMIpXTt8KI8psuXj3+iZy7WlVWpBj9KPnRWQJfTDaUFw==','2014-01-18 10:46:47',0,0,NULL,NULL,NULL,'a:0:{}',0,NULL,'1948-02-02','65',NULL,'male',NULL,NULL,NULL,NULL,241,NULL,NULL,1,0,'2014-01-10',NULL,NULL,0,0,NULL),(71,198,2,'Doug','doug','huey@platinum.com.au','huey@platinum.com.au',1,'','','2014-03-31 07:25:40',0,0,NULL,NULL,NULL,'a:1:{i:0;s:13:\"ROLE_FACEBOOK\";}',0,NULL,'01/01/1983','31','chess|food|investing',NULL,'Animal Welfare League','562419911','Doug','Huey',235,NULL,'CAABhoZB7soyUBAB3MwOxH7ZC51ALUfQxlyuugdGnbr9YET5XXz0qkzOSyyQhJeX39MXataU50yGIxToDS5Gf46BpVhW5VXlbeIe69BgZCNQhDT1xv12HzqBHrS35GWnZAmcfVJnI67OBtFntPslob7mZCSAG4bv4gZADm6CUDDC7IfSaNt7gDyHl4ajj5qzrQZD',0,0,NULL,NULL,NULL,0,0,NULL),(72,NULL,NULL,'Jason','jason','llzhang.stu@gmail.com','llzhang.stu@gmail.com',1,'','','2014-01-11 09:31:44',0,0,NULL,NULL,NULL,'a:1:{i:0;s:13:\"ROLE_FACEBOOK\";}',0,NULL,'08/13/1986','27',NULL,NULL,NULL,'100006979265115','Jason','Zhang',NULL,NULL,'CAABhoZB7soyUBANhyTpzwLOlhZBSeW9IcjPL4ta3PRgZA6FEHvCeAZCeYLgqcDHFNqobsuECQqLeusJAQzqEZB7FM9AIe9nVrPDVZAv8056zAOFScX8ZBMc1720vknJmBE5xOPiJrmJ6hebJJl4GCjFm6wjlM2YAjRajZAAw1BwQPkyVygKX4qQ7',1,0,NULL,NULL,NULL,0,0,NULL),(73,NULL,NULL,'Test','test','lsjdkf@lsdjf.com','lsjdkf@lsdjf.com',1,'nd1b2rv8flwksk4kokgokcs8gogg4s8','KzoRrC8XUGCHxgPcj7K9vfR4t/OUF0Pdn3KBW/emFbplqvQRgBhEgM4q3Q2It1GBxP9NziuUjzX6pZC3GpySpg==',NULL,0,0,NULL,NULL,NULL,'a:0:{}',0,NULL,'1995-02-02','18',NULL,'male',NULL,NULL,NULL,NULL,NULL,NULL,NULL,1,0,'2014-01-14',NULL,NULL,0,0,NULL),(74,165,2,'thor','thor','doughuey@optusnet.com.au','doughuey@optusnet.com.au',1,'6ja8bg35amww80ss0gwk0o40480skc0','3YIqVsZI4s2I93DtQWLy1Y3BpMsYDcOMNOMek4pr6GLgtGjCwanfhjL41nKfWJEuBpNppyNVcNx5iG1u7WeQCg==','2014-03-19 07:43:18',0,0,NULL,NULL,NULL,'a:0:{}',0,NULL,'1961-01-01','53','book|food|investing','male','Sydney Dogs and Cats Home',NULL,NULL,NULL,244,NULL,NULL,5,0,'2014-01-14','okie dokie','blah blah',0,0,NULL),(75,NULL,NULL,'Emanuele','emanuele','emanuele.nicolella@gmail.com','emanuele.nicolella@gmail.com',1,'','UcYLTcjO8HExLYQpTEUsu+FZlGQRu5XSxjI8nTKALwHPMlvkHMqQAq3h84OpwFt+CdQUWl70BSQIXuwpYiOl1A==','2014-03-28 10:39:38',0,0,NULL,NULL,NULL,'a:1:{i:0;s:13:\"ROLE_FACEBOOK\";}',0,NULL,'07/21/1988','25',NULL,NULL,NULL,'1411851677','Emanuele','Nicolella',247,NULL,'CAABhoZB7soyUBAMX2LaQDeoOQHLVLbcaAvgwlF9XEw5TAgEHNVXTt4gH1t4R3VsRbPFqOqZB3OeTjLnEhSuUJGQQyPZCLsapcp9bfZAg385z7FVB0ZA9iZCTs9iQt53uZBrGAZAeES7oJ3QcBXU3CvkpEaf3oziZCOOldQPPx1hceXMd5qoFZAQtiJ8m5tvV40jsoZD',8,0,NULL,NULL,NULL,0,0,NULL),(76,NULL,NULL,'sydneyboy','sydneyboy','kartik7gupta@gmail.com','kartik7gupta@gmail.com',1,'9ndlzj4cz2o8840g8wsgg844kwkks8c','BqGTOdoyZx8F70xALgEPOKRfqjdv7H316neFQrZQX3l21bkhM+QcKeGfcEZNVe6y5eNfV7CI5r4YhAnGjy+YvA==',NULL,0,0,NULL,NULL,NULL,'a:0:{}',0,NULL,'1993-10-07','20',NULL,'male',NULL,NULL,NULL,NULL,NULL,NULL,NULL,0,0,'2014-01-29',NULL,NULL,0,0,NULL),(77,NULL,NULL,'Nic','nic','im_in_the_nic@hotmail.com','im_in_the_nic@hotmail.com',1,'','','2014-03-26 14:35:11',0,0,NULL,NULL,NULL,'a:1:{i:0;s:13:\"ROLE_FACEBOOK\";}',0,NULL,'10/01/1990','23',NULL,NULL,NULL,'645003453','Nic','Barker',248,NULL,'CAABhoZB7soyUBALzepvcqkJ2x1geZBQzccxO5ZBDekRPnzyPHc9Cw1yeJF04IXnoHwY3NyekY6FtZBLztiiylCB5mmfWCbm3Kcwt7hqSGPfrTtUWurK19PdPSkZCuZAhjl5Wa8bKUOp6q71MebDfuTizQaJZADgUDDVQCjr4D3mtDI8WKUrZBiMy',0,0,NULL,NULL,NULL,0,0,NULL),(78,NULL,NULL,'Jay','jay','jay.blinman@gmail.com','jay.blinman@gmail.com',1,'3qh73rxm562o08o00o8ocoso8wcsggk','SN3ZC0JBL1K1XoyfoIuRDWdnJtXnUoxzUyHy+8rA3euGpOhm+wftL2zdf1RKB5xLtYGyIxxmhQC+iwVmPxbVcQ==',NULL,0,0,NULL,NULL,NULL,'a:0:{}',0,NULL,'1984-10-04','29',NULL,'male',NULL,NULL,NULL,NULL,NULL,NULL,NULL,0,0,'2014-02-03',NULL,NULL,0,0,NULL),(79,NULL,NULL,'Nizar','nizar','mz-hacker@hotmail.fr','mz-hacker@hotmail.fr',1,'','','2014-03-25 00:23:48',0,0,NULL,NULL,NULL,'a:1:{i:0;s:13:\"ROLE_FACEBOOK\";}',0,NULL,'12/07/1989','24',NULL,NULL,NULL,'656217890','Nizar','Bsb',249,NULL,'CAABhoZB7soyUBAJRC1H5TdyrSeyb0F4ySe8w378EuPfhKASzpJbaxt3rRuhInjMeBTmNtxj72j6gsRbUZCFQ1j9xDq0YflFeuHoQiv1KR1P5O86n50VnXswAtOte3FutJdZBzRlzZCpFkr6c2Fgu1aZConQkpSEtzYN9lZCTI2WKEsgGoF9pVv',0,0,NULL,NULL,NULL,0,0,NULL),(80,NULL,NULL,'braintree','braintree','braintree@braintree.com','braintree@braintree.com',1,'hn7hholmdgggwkgks4444g4k4gggc00','6hFF7dpwcnd8Og6rNupVMoAU9/fvjID8VZNVRg1DFqrSkEItIjOUJX1HeXnKlBbazYLN8/dcbjWhy6PZY0fQEQ==',NULL,0,0,NULL,NULL,NULL,'a:0:{}',0,NULL,'1948-03-02','65',NULL,'male',NULL,NULL,NULL,NULL,NULL,NULL,NULL,0,0,'2014-02-17',NULL,NULL,0,0,NULL),(81,256,1,'jason2','jason2','sljfdl@laskjd.com','sljfdl@laskjd.com',1,'dacuavz89ggk0w4sc8swgksww0os04s','oKX3x/40TJu8mgsLQGFqf+Miakuv7gx43sJwOwp6Y1s84gH3ycHRNQ2qgPW9eE3EbIkGpK6k7axno8XuMcYR4g==','2014-03-26 21:21:53',0,0,NULL,NULL,NULL,'a:0:{}',0,NULL,'1979-03-05','34','travelling','male','RSPCA',NULL,NULL,NULL,NULL,NULL,NULL,0,0,'2014-02-22',NULL,NULL,0,0,NULL),(82,NULL,NULL,'solaris','solaris','dhuey128@gmail.com','dhuey128@gmail.com',1,'lu38qj3k3oggw808gg40ssgkc80coss','QuosuAS1I2P9GIXVRkvtZT6FEpX60+/TgkF5MUs2+jo1y2Hb6FzFgYnDwnSNeQH6WN1FIxk9WSUQGEjFCtkwjA==',NULL,0,0,NULL,NULL,NULL,'a:0:{}',0,NULL,'1996-01-01','18',NULL,'male',NULL,NULL,NULL,NULL,NULL,NULL,NULL,0,0,'2014-03-16',NULL,NULL,0,0,NULL),(83,NULL,NULL,'John','john','asasa@mailinator.com','asasa@mailinator.com',1,'tuyhpwstr2oc8c8884ww04ko80s4gkk','8MXRsrd4v0VwBsaQlYlH7pMw/VMADJUvBOm0IBJcQOA9mB7GXN7CTNWY2btQ87piz1x2BovlShh7Y/qo5yC1Rw==','2014-03-27 18:45:21',0,0,NULL,NULL,NULL,'a:0:{}',0,NULL,'1982-03-02','32',NULL,'male',NULL,NULL,NULL,NULL,NULL,NULL,NULL,0,0,'2014-03-20',NULL,NULL,0,0,NULL),(84,NULL,NULL,'ryan','ryan','rfischer@westpac.com.au','rfischer@westpac.com.au',1,'egl64763lzc4kc4880gcgwccck4kw4w','VECdKN4e8Gx09WYayecN6HuPS5uL6LmB1w7+BAfvruX0E2aJ2l9DfEukUvdV+us1rH9KJo8WDzGNd9ouI3VGow==','2014-03-28 10:46:18',0,0,NULL,NULL,NULL,'a:0:{}',0,NULL,'1985-12-21','28',NULL,'male',NULL,NULL,NULL,NULL,NULL,NULL,NULL,0,0,'2014-03-26',NULL,NULL,0,0,NULL),(85,NULL,NULL,'anything','anything','fake@fake.com','fake@fake.com',1,'5jic3h2nb0kko4scww00wsoc0s0wo4o','FvsfgxsltWItIu+2X1rTtEoKTk5Rop7T/mi5o/JX0p/8cHNX22lvzQTwdBdgDaopHALR87CUl00fF+goV3xeJQ==',NULL,0,0,NULL,NULL,NULL,'a:0:{}',0,NULL,'1973-03-03','41',NULL,'male',NULL,NULL,NULL,NULL,NULL,NULL,NULL,0,0,'2014-03-28',NULL,NULL,0,0,NULL),(86,256,1,'Rakib Hasan','rakib hasan','rakibhasan880@gmail.com','rakibhasan880@gmail.com',1,'em2nw04ujs8o84cccckw4k0cgkc404o','5vUZop5T4EhGHc3kz35la84o+6nMznmTuGFs3aMLD2H7kXE3w7ldRUDZpdSuWLX2jQ7WlbMmiB75rIxriBILfA==','2014-03-29 17:49:41',0,0,NULL,'2lpn4yqmbg6cssgsg0sc8s8k04wgcs8ook4g00csos4o4gcs4c','2014-03-29 16:36:52','a:0:{}',0,NULL,'1985-06-07','28','book|food|travelling','male','Red Cross',NULL,NULL,NULL,NULL,NULL,NULL,0,0,'2014-03-29',NULL,NULL,1,0,NULL),(87,NULL,NULL,'Lorem','lorem','info.banani@gmail.com','info.banani@gmail.com',1,'gfzkynjqu20os8c84o0skc8cggw8480','WWibQ8NCUXLtc8MeNV9ceoIrSResgOs5ZcZTOjHaSik4JvGoPH1ktA2ksATu5beInfBu4uwqUQhSQFStgmBODw==','2014-03-30 22:35:22',0,0,NULL,NULL,NULL,'a:0:{}',0,NULL,'1970-01-01','44',NULL,'male',NULL,NULL,NULL,NULL,252,NULL,NULL,0,0,'2014-03-29',NULL,NULL,0,0,NULL);
/*!40000 ALTER TABLE `fos_user` ENABLE KEYS */;
UNLOCK TABLES;

--
-- Table structure for table `notificationgroup_notification`
--

DROP TABLE IF EXISTS `notificationgroup_notification`;
/*!40101 SET @saved_cs_client     = @@character_set_client */;
/*!40101 SET character_set_client = utf8 */;
CREATE TABLE `notificationgroup_notification` (
  `notificationgroup_id` int(11) NOT NULL,
  `notification_id` int(11) NOT NULL,
  PRIMARY KEY (`notificationgroup_id`,`notification_id`),
  KEY `IDX_5C3100F29F02B28D` (`notificationgroup_id`),
  KEY `IDX_5C3100F2EF1A9D84` (`notification_id`),
  CONSTRAINT `FK_5C3100F29F02B28D` FOREIGN KEY (`notificationgroup_id`) REFERENCES `NotificationGroup` (`id`) ON DELETE CASCADE,
  CONSTRAINT `FK_5C3100F2EF1A9D84` FOREIGN KEY (`notification_id`) REFERENCES `Notification` (`id`) ON DELETE CASCADE
) ENGINE=InnoDB DEFAULT CHARSET=utf8 COLLATE=utf8_unicode_ci;
/*!40101 SET character_set_client = @saved_cs_client */;

--
-- Dumping data for table `notificationgroup_notification`
--

LOCK TABLES `notificationgroup_notification` WRITE;
/*!40000 ALTER TABLE `notificationgroup_notification` DISABLE KEYS */;
INSERT INTO `notificationgroup_notification` VALUES (420,232),(420,235),(421,233),(421,234),(422,236),(429,259),(430,237),(446,238),(447,239),(448,240),(449,241),(450,242),(451,243),(451,244),(452,268),(453,245),(454,246),(455,247),(455,257),(459,248),(459,256),(460,249),(460,255),(460,258),(461,250),(462,251),(462,254),(462,276),(462,277),(462,278),(462,279),(462,280),(462,281),(462,282),(462,283),(463,252),(464,253),(470,269),(471,260),(471,263),(471,264),(472,261),(472,262),(473,265),(473,266),(473,267),(473,289),(473,290),(473,291),(473,292),(473,293),(473,294),(478,275),(479,274),(480,270),(480,288),(481,271),(481,284),(482,272),(483,273),(484,285),(485,286),(487,287),(491,295),(491,297),(492,296),(498,298),(499,299),(499,300),(499,301),(499,302),(499,303),(500,304),(500,307),(500,308),(500,309),(501,305),(502,306),(503,310),(504,311),(505,312),(506,313),(507,314),(508,315),(509,317),(510,316),(512,318),(513,319),(514,320),(517,321);
/*!40000 ALTER TABLE `notificationgroup_notification` ENABLE KEYS */;
UNLOCK TABLES;

--
-- Table structure for table `user_comment`
--

DROP TABLE IF EXISTS `user_comment`;
/*!40101 SET @saved_cs_client     = @@character_set_client */;
/*!40101 SET character_set_client = utf8 */;
CREATE TABLE `user_comment` (
  `user_id` int(11) NOT NULL,
  `comment_id` int(11) NOT NULL,
  PRIMARY KEY (`user_id`,`comment_id`),
  KEY `IDX_CC794C66A76ED395` (`user_id`),
  KEY `IDX_CC794C66F8697D13` (`comment_id`),
  CONSTRAINT `FK_CC794C66A76ED395` FOREIGN KEY (`user_id`) REFERENCES `fos_user` (`id`) ON DELETE CASCADE,
  CONSTRAINT `FK_CC794C66F8697D13` FOREIGN KEY (`comment_id`) REFERENCES `Comment` (`id`) ON DELETE CASCADE
) ENGINE=InnoDB DEFAULT CHARSET=utf8 COLLATE=utf8_unicode_ci;
/*!40101 SET character_set_client = @saved_cs_client */;

--
-- Dumping data for table `user_comment`
--

LOCK TABLES `user_comment` WRITE;
/*!40000 ALTER TABLE `user_comment` DISABLE KEYS */;
INSERT INTO `user_comment` VALUES (69,360),(69,363),(70,363),(70,364),(70,365),(71,365),(71,369),(71,372),(74,342),(74,371),(86,390);
/*!40000 ALTER TABLE `user_comment` ENABLE KEYS */;
UNLOCK TABLES;

--
-- Table structure for table `user_interest`
--

DROP TABLE IF EXISTS `user_interest`;
/*!40101 SET @saved_cs_client     = @@character_set_client */;
/*!40101 SET character_set_client = utf8 */;
CREATE TABLE `user_interest` (
  `user_id` int(11) NOT NULL,
  `interest_id` int(11) NOT NULL,
  PRIMARY KEY (`user_id`,`interest_id`),
  KEY `IDX_8CB3FE67A76ED395` (`user_id`),
  KEY `IDX_8CB3FE675A95FF89` (`interest_id`),
  CONSTRAINT `FK_8CB3FE675A95FF89` FOREIGN KEY (`interest_id`) REFERENCES `Interest` (`id`) ON DELETE CASCADE,
  CONSTRAINT `FK_8CB3FE67A76ED395` FOREIGN KEY (`user_id`) REFERENCES `fos_user` (`id`) ON DELETE CASCADE
) ENGINE=InnoDB DEFAULT CHARSET=utf8 COLLATE=utf8_unicode_ci;
/*!40101 SET character_set_client = @saved_cs_client */;

--
-- Dumping data for table `user_interest`
--

LOCK TABLES `user_interest` WRITE;
/*!40000 ALTER TABLE `user_interest` DISABLE KEYS */;
INSERT INTO `user_interest` VALUES (69,49),(69,50),(69,52),(71,42),(71,43),(71,44),(74,43),(74,44),(74,48),(81,49),(86,43),(86,48),(86,49);
/*!40000 ALTER TABLE `user_interest` ENABLE KEYS */;
UNLOCK TABLES;

--
-- Table structure for table `user_notificationgroup`
--

DROP TABLE IF EXISTS `user_notificationgroup`;
/*!40101 SET @saved_cs_client     = @@character_set_client */;
/*!40101 SET character_set_client = utf8 */;
CREATE TABLE `user_notificationgroup` (
  `user_id` int(11) NOT NULL,
  `notificationgroup_id` int(11) NOT NULL,
  PRIMARY KEY (`user_id`,`notificationgroup_id`),
  KEY `IDX_70C6C4CFA76ED395` (`user_id`),
  KEY `IDX_70C6C4CF9F02B28D` (`notificationgroup_id`),
  CONSTRAINT `FK_70C6C4CF9F02B28D` FOREIGN KEY (`notificationgroup_id`) REFERENCES `NotificationGroup` (`id`) ON DELETE CASCADE,
  CONSTRAINT `FK_70C6C4CFA76ED395` FOREIGN KEY (`user_id`) REFERENCES `fos_user` (`id`) ON DELETE CASCADE
) ENGINE=InnoDB DEFAULT CHARSET=utf8 COLLATE=utf8_unicode_ci;
/*!40101 SET character_set_client = @saved_cs_client */;

--
-- Dumping data for table `user_notificationgroup`
--

LOCK TABLES `user_notificationgroup` WRITE;
/*!40000 ALTER TABLE `user_notificationgroup` DISABLE KEYS */;
INSERT INTO `user_notificationgroup` VALUES (69,419),(69,420),(69,421),(69,422),(69,430),(69,446),(69,447),(69,448),(69,449),(69,450),(69,451),(69,453),(69,454),(69,455),(69,456),(69,457),(69,458),(69,459),(69,460),(69,461),(69,462),(69,463),(69,464),(69,474),(69,475),(69,476),(69,477),(69,478),(69,479),(69,480),(69,481),(69,484),(69,485),(69,491),(69,493),(69,494),(70,420),(70,421),(70,422),(70,446),(70,447),(70,448),(70,449),(70,450),(70,453),(70,454),(70,455),(70,459),(70,460),(70,462),(70,465),(70,481),(70,482),(70,483),(70,484),(70,485),(71,423),(71,424),(71,425),(71,426),(71,427),(71,428),(71,429),(71,430),(71,451),(71,452),(71,461),(71,464),(71,466),(71,467),(71,468),(71,471),(71,472),(71,473),(71,487),(71,492),(71,495),(71,496),(71,497),(71,499),(71,500),(71,501),(71,502),(71,503),(71,504),(71,505),(71,506),(71,507),(71,508),(71,509),(71,511),(71,512),(71,513),(71,514),(71,517),(72,431),(72,432),(72,433),(72,434),(72,435),(72,436),(72,437),(72,438),(72,439),(72,440),(72,441),(72,442),(72,443),(72,444),(72,445),(72,463),(73,498),(74,469),(74,470),(74,471),(74,472),(74,473),(74,482),(74,483),(74,486),(74,487),(74,492),(74,499),(74,507),(74,510),(74,512),(74,513),(74,514),(74,517),(75,488),(75,498),(75,500),(75,501),(75,502),(75,503),(75,504),(75,505),(75,506),(75,508),(77,489),(79,490),(80,491),(81,515),(81,516);
/*!40000 ALTER TABLE `user_notificationgroup` ENABLE KEYS */;
UNLOCK TABLES;

--
-- Table structure for table `user_photo`
--

DROP TABLE IF EXISTS `user_photo`;
/*!40101 SET @saved_cs_client     = @@character_set_client */;
/*!40101 SET character_set_client = utf8 */;
CREATE TABLE `user_photo` (
  `user_id` int(11) NOT NULL,
  `photo_id` int(11) NOT NULL,
  PRIMARY KEY (`user_id`,`photo_id`),
  KEY `IDX_F6757F40A76ED395` (`user_id`),
  KEY `IDX_F6757F407E9E4C8C` (`photo_id`),
  CONSTRAINT `FK_F6757F407E9E4C8C` FOREIGN KEY (`photo_id`) REFERENCES `Photo` (`id`) ON DELETE CASCADE,
  CONSTRAINT `FK_F6757F40A76ED395` FOREIGN KEY (`user_id`) REFERENCES `fos_user` (`id`) ON DELETE CASCADE
) ENGINE=InnoDB DEFAULT CHARSET=utf8 COLLATE=utf8_unicode_ci;
/*!40101 SET character_set_client = @saved_cs_client */;

--
-- Dumping data for table `user_photo`
--

LOCK TABLES `user_photo` WRITE;
/*!40000 ALTER TABLE `user_photo` DISABLE KEYS */;
INSERT INTO `user_photo` VALUES (69,234),(69,246),(71,250);
/*!40000 ALTER TABLE `user_photo` ENABLE KEYS */;
UNLOCK TABLES;

--
-- Table structure for table `user_tooltip`
--

DROP TABLE IF EXISTS `user_tooltip`;
/*!40101 SET @saved_cs_client     = @@character_set_client */;
/*!40101 SET character_set_client = utf8 */;
CREATE TABLE `user_tooltip` (
  `user_id` int(11) NOT NULL,
  `tooltip_id` int(11) NOT NULL,
  PRIMARY KEY (`user_id`,`tooltip_id`),
  KEY `IDX_F9B441BAA76ED395` (`user_id`),
  KEY `IDX_F9B441BA2C817132` (`tooltip_id`),
  CONSTRAINT `FK_F9B441BA2C817132` FOREIGN KEY (`tooltip_id`) REFERENCES `Tooltip` (`id`) ON DELETE CASCADE,
  CONSTRAINT `FK_F9B441BAA76ED395` FOREIGN KEY (`user_id`) REFERENCES `fos_user` (`id`) ON DELETE CASCADE
) ENGINE=InnoDB DEFAULT CHARSET=utf8 COLLATE=utf8_unicode_ci;
/*!40101 SET character_set_client = @saved_cs_client */;

--
-- Dumping data for table `user_tooltip`
--

LOCK TABLES `user_tooltip` WRITE;
/*!40000 ALTER TABLE `user_tooltip` DISABLE KEYS */;
INSERT INTO `user_tooltip` VALUES (69,65),(69,66),(69,67),(69,68),(70,67),(70,68),(71,65),(71,66),(71,67),(74,65),(74,66),(74,67),(74,68),(75,67),(77,67),(79,67),(81,65),(81,66),(86,65),(86,66),(87,67),(87,68);
/*!40000 ALTER TABLE `user_tooltip` ENABLE KEYS */;
UNLOCK TABLES;
/*!40103 SET TIME_ZONE=@OLD_TIME_ZONE */;

/*!40101 SET SQL_MODE=@OLD_SQL_MODE */;
/*!40014 SET FOREIGN_KEY_CHECKS=@OLD_FOREIGN_KEY_CHECKS */;
/*!40014 SET UNIQUE_CHECKS=@OLD_UNIQUE_CHECKS */;
/*!40101 SET CHARACTER_SET_CLIENT=@OLD_CHARACTER_SET_CLIENT */;
/*!40101 SET CHARACTER_SET_RESULTS=@OLD_CHARACTER_SET_RESULTS */;
/*!40101 SET COLLATION_CONNECTION=@OLD_COLLATION_CONNECTION */;
/*!40111 SET SQL_NOTES=@OLD_SQL_NOTES */;

-- Dump completed on 2014-03-31 17:54:16
